store_code,store_name
0555,东莞樟木头镇蓓蕾街店
760019,杭州富阳区春秋南路店
0223,深圳福田区上沙2店
0498,深圳市龙岗区长海雅园店
1285,广州花都区深航花园店
811004,青岛市市北区延吉路店
780016,宁波江东区白鹤店
1172,广州增城区盛世名门店
770117,镇江市润州区三茅宫店
700189,武汉市武昌区融侨城店
0641,东莞市寮步镇万科松湖传奇店
1617,广州市黄埔区新福港鼎峰花园店
770085,南京市江宁区新城珑湾花园店
0441,深圳市龙岗区乐城店
720034,上海普陀区阳光威尼斯店
760101,杭州市江干区冠宇隽园店
310017,叶爱艳(深圳)
1614,清远市清城区时代倾城店
0576,东莞大岭山镇领尚天地店
790033,重庆市沙坪坝区南方新城店
700118,武汉江汉区北湖正街店
730026,北京西城区马连道中里店
3051,三亚天涯区和平街店
750037,郑州市金水区长基花园店
790117,重庆市康德国会山2店
720239,上海静安区临汾路2店
1473,江门市蓬江区嘉盈苑店
5007,成都成华区新鸿路店
1615,佛山市顺德区保利中央公园店
770230,南京市秦淮区八宝前街店
760071,杭州市拱墅区密渡桥路店
710125,苏州昆山市启航社河西店
770236,南京市雨花区自在城大方路店
4001,金华婺城区东莱路店
740012,南昌西湖区龙盛佳园店
1381,广州花都区雅宝新城店
780042,宁波市北仑区长江新花园店
0472,深圳市宝安区凤凰花苑店
811017,青岛市李沧区湖山美地店
720096,上海徐汇区华滨家园店
750119,郑州市二七区联合雅园店
790146,重庆市渝北区高岩路店
0401,深圳市光明新区光明大第店
3009,海口龙华区亚洲亚洲豪苑店
4049,义乌万达广场店
0089,深圳龙岗区东大街1店
700137,武汉汉阳区蔡家馨苑店
1182,广州增城区凤凰城2店
0748,惠州市惠城区城市时代花园店
0379,深圳市福田区香荔花园店
0606,东莞市莞城区东湖花园店
0829,汕头市潮阳区中信华庭店
760005,杭州余杭区桃安路店
1012,佛山南海区万科金色家园店
803059,合肥市包河区春晖园店
730149,北京市丰台区万年花城店
0602,东莞市沙田镇海港路店
730113,北京市通州区新通国际花园店
1023,广州海珠区英豪花园店
790028,重庆市南岸区东海长洲店
760061,杭州市下城区三塘桂园店
700009,武汉洪山区名都花园店
790127,重庆市江北区同创国际店
720311,上海浦东新区唐安路店
0580,东莞南城区金域中央店
0562,东莞樟木头镇御景花园店
730105,北京市朝阳区福润四季店
3089,三亚市吉阳区春光路店
1340,广州天河区东方一路店
720025,上海闵行区东川路店
0137,深圳罗湖区罗湖边检店
710045,无锡北塘区颐和湾公寓店
3079,海口市琼山区滨江帝景店
790095,重庆市渝北区江与城店
1019,广州天河区世纪绿洲店
3081,海口市美兰区国瑞城店
750026,郑州市金水区国贸360店
1266,广州花都区玫瑰路店
720147,上海宝山区三湘盛世花园店
1437,广州黄埔区中海誉城南苑店
1239,中山火炬开发区盛华园店
0531,东莞大岭山中惠沁林山庄店
750116,郑州市二七区鑫苑国际城市花园店
0376,深圳市宝安区天琴阁店
750005,郑州管城回族区远大理想城店
1002,广州白云区富力桃园店
803085,芜湖市鸠江区东方红郡店
6039,泉州丰泽区丰泽广场店
0037,深圳福田区梅兴苑店
780007,宁波江北区育才家园店
770120,南京栖霞区金山花苑店
6071,厦门市思明区莲花二村店
0084,深圳宝安区富士康1店
0056,深圳福田区田面店
1375,中山三乡镇雅居乐花园店
0828,汕头市澄海区猛狮国际广场店
1570,江门市蓬江区兴华苑店
0405,深圳市南山区大冲店
0816,汕头市龙湖区逸景蓝湾店
5120,成都市高新区怡馨家园店
760031,杭州江干区太平门直街店
0571,东莞虎门镇永新街店
1259,中山坦洲镇中澳新城店
700065,武汉江岸区海虹景店
790045,重庆市南岸区巨成龙湾店
710055,无锡惠山区华惠路店
750131,驻马店市驿城区民生天都星城店
6043,厦门湖里区中央美地店
0514,东莞南城区新天地花园店
720266,上海浦东新区博兴路2店
1585,肇庆市四会市锦绣棕榈园店
5134,成都市龙泉驿区果壳里的城2店
1522,珠海香洲区水岸花都店
710070,苏州吴江区鲈乡南路店
780041,宁波市江东区江南一品店
1514,广州市海珠区第三金碧店
1477,佛山市顺德区富华路店
720312,上海浦东新区康沈路店
700212,武汉市汉阳区宁康园店
0403,深圳市龙岗区学府道花园店
1309,广州番禺区珠江花园店
770075,南京市栖霞区花港幸福城玉兰园店
881915,北京海淀区果多美万泉庄店
5042,成都锦江区天仙桥北街店
881916,北京市朝阳区果多美潘家园华威路店
5125,成都市绵阳市涪城区长虹国际城店
0411,深圳市坪山区御景印象店
803027,合肥市蜀山区领势公馆店
730101,北京朝阳区大屯里店
5144,成都市龙泉驿区东山国际新城店
720211,上海闵行区莘西南路店
1383,中山东区万科朗润园店
1604,茂名市茂南区汇景新城店
740061,南昌市西湖区新田绿洲店
1545,佛山市南海区桂丹颐景园店
770082,马鞍山市花山区国际华城店
700041,武汉武昌区锦江国际店
730129,北京市西城区陶然北岸店
0587,东莞虎门镇地标广场店
0244,深圳南山区米兰公寓店
821003,昆明市西山区水岸艺城店
1507,广州市海珠区逸景翠园3店
780014,宁波江东区惊驾路店
720105,上海长宁区新渔东路店
710112,无锡惠山区钱桥大街店
770158,南京市秦淮区金沙井店
770181,南京市雨花台区明尚西苑店
831005,太原市小店区恒大绿洲店
0070,深圳罗湖区松泉公寓店
1168,佛山禅城区世纪康城店
750050,郑州市二七区鑫苑景园店
1349,广州番禺区华南碧桂园2店
0239,深圳南山区天骄华庭店
4011,金华婺城区双溪西路店
6052,泉州市晋江市香榭花都店
1611,广州市荔湾区花语水岸店
0307,鲜果吧客深圳福田区丰盛町店
750109,郑州市金水区中海锦苑店
5106,成都市高新西区中海国际店
821016,昆明市西山区光辉城市店
700012,武汉江汉区日月华庭店
700285,武汉市洪山区保利公园九里店
5114,成都市武侯区香月楠岸店
881087,北京市大兴区果多美黄村西大街店
770139,南京市浦口区金棕榈店
720152,上海普陀区真光路2店
710052,无锡滨湖区经贸路店
0633,东莞市樟木头镇绿茵山庄店
4050,金华婺城区府上街店
1164,广州白云区时代玫瑰园2店
1343,中山石岐区孙文东路店
0081,深圳罗湖区宝安南路店
700050,武汉武昌区安顺花园店
770047,南京浦口区旭日上城店
0708,惠州惠城区东湖六街店
740090,南昌市西湖区安石路店
710088,苏州吴江区流虹路店
310011,深圳绿源餐饮管理有限公司
0807,汕头市龙湖区世贸花园店
851027,南宁市青秀区半岛融园店
881201,上海市普陀区果多美金沙江店
760077,杭州市江干区环丁路店
740076,上饶市信州区国际公馆店
770102,南京市江宁区银河湾花园店
730147,天津市河东区中山门店
760113,杭州市余杭区良渚玉琮路店
720144,上海闵行区古美路店
0335,深圳市南山区崇文花园店
730087,北京市大兴区林肯公园店
700284,武汉市洪山区保利城店
0270,深圳龙华新区美丽家园店
5077,成都武侯区中海龙湾半岛店
0087,测试门店1
5014,成都成华区汇融名城店
1474,广州市天河区珠江新城华穗路店
0710,惠州惠城区美地花城店
770151,南京市玄武区网巾市路店
1244,广州番禺区雅居乐花园2店
5149,成都市金牛区高家庄赞城店
770193,南京市鼓楼区和会街店
780019,宁波江东区民安路店
780022,宁波鄞州区四明中路店
5072,成都武侯区中海锦城店
700028,武汉东西湖区万科高尔夫店
1312,广州荔湾区万科金色康苑店
6035,泉州晋江市泉安中路店
0150,深圳宝安区凯旋城店
0433,深圳市罗湖区爱国路店
881086,北京市海淀区果多美永太店
1217,佛山禅城区锦华路店
5025,成都锦江区蓝谷地店
5074,成都武侯区中铁骑士公馆店
700143,武汉武昌区东湖国际店
750138,郑州市金水区阳光嘉苑店
5001,成都武侯区罗浮店
1347,中山南区城市风景店
700051,武汉洪山区金地西岸店
700182,武汉市江夏区金地艺境店
760107,杭州市余杭区九曲营路店
0407,深圳市龙华区九方店
790072,重庆市南岸区渝能国际店
0556,东莞樟木头镇香樟绿洲店
881080,北京市海淀区果多美保福寺桥南店
0436,深圳市罗湖区罗小四街店
790026,重庆市九龙坡区华宇名都城店
710165,南通崇川区德民花苑店
740074,上饶市信州区米兰春天店
0738,惠州市惠城区万科金域华庭店
700133,武汉洪山区万科金色城市店
0167,深圳宝安区丽沙花都店
750054,郑州市二七区康桥华城店
790103,重庆市绿韵康城店
700036,武汉江岸区温馨苑店
710087,苏州昆山市虹褀路店
4042,东阳西门街店
881010,北京市丰台区果多美洋桥店
760024,杭州下城区朝晖路店
851020,南宁市江南区邕江明珠店
710021,苏州吴中区山水华庭店
3021,海口琼山区绿色佳园店
1385,清远清城区维港半岛店
0276,深圳福田区皇御苑店
720082,上海闵行区水清路店
720290,上海浦东新区灵山路店
803021,合肥市瑶海区中兴西湖花园店
310002,宝钜(中国)儿童用品有限公司
770187,南京市雨花台区景明佳园店
790126,重庆市江北区东方明珠店
1103,广州白云区京溪路店
803044,合肥市蜀山区汉嘉都市森林店
710017,苏州高新区学府路店
0735,惠州市惠城区达利美居店
803010,合肥市瑶海区家天下生活广场店
720089,上海宝山区顾荻路店
1303,珠海香洲区景和街店
730060,北京朝阳区翠城罄园店
1191,佛山南海区中海金沙湾3店
700134,武汉洪山区狮城名居店
1269,中山坦洲镇海伦堡店
1220,佛山禅城区高基街店
780078,宁波市江东区福明家园店
720191,上海嘉定区华江公路店
750049,郑州市郑东新区正弘山店
0605,东莞市东城区新世纪星城2店
1357,中山小榄镇广源路店
710005,苏州工业园区新街口店
1485,佛山市顺德区天佑城店
720070,上海浦东新区梅花路店
4076,义乌市现代花园店
710140,苏州张家港市君临新城店
720278,上海闵行区永德路2店
730061,北京市丰台区威尔夏大道店
750030,郑州市管城区幸福港湾店
1387,佛山顺德区嘉信城市广场2店
750124,洛阳市洛龙区盛唐至尊店
730102,北京市丰台区草桥东路店
881603,河北省廊坊市果多美馨语星苑店
0712,惠州市惠城区下埔路店
1056,广州越秀区五羊邨店
770159,南京市江宁区天地新城店
0127,深圳罗湖区景亿山庄店
3109,琼海市南方市场店
780079,宁波市江东区演武花园店
730013,北京朝阳区富力城店
700019,武汉武昌区锦绣江南店
0075,金色花园店
710142,苏州张家港市新市河路店
1648, 佛山市三水区北江明珠店
1179,广州荔湾区龙津东路店
1290,佛山顺德区天福苑店
750125,郑州市惠济区鑫苑逸品香山店
1380,佛山顺德区万科缤纷四季花园店
700064,武汉江汉区常青南园2店
6031,泉州丰泽区世纪巨星店
0025,深圳宝安区美丽365花园店
1490,广州市番禺区锦绣银湾店
700219,武汉市洪山区未来城店
700157,武汉市硚口区南大天地店
700018,武汉洪山区都市桃源店
1197,佛山顺德区御景坊店
5145,乐山市市中区领地亚马逊店
1020,佛山禅城区丽日豪庭店
811022,青岛市李沧区海怡新城锦绣苑店
0280,深圳龙岗区新鸿花园店
730057,北京朝阳区酒仙桥路店
790042,重庆市南岸区云满庭店
0222,深圳罗湖区新秀村店
1246,广州增城区金竹家园店
803054,合肥市滨湖区保利拉菲公馆店
730029,北京丰台区开阳里店
851014,南宁市青秀区盛天茗城店
700005,武汉江岸区航天双城店
0221,深圳罗湖区莲塘路店
1157,佛山南海区怡翠玫瑰园店
760075,杭州市萧山区金惠路店
770195,南京市建邺区五矿崇文金城店
720026,上海宝山区环镇北路店
4029,义乌芳草园店
1129,广州天河区猎德花园店
803082,芜湖市鸠江区万科城店
720140,上海长宁区宣化路店
1292,广州天河区五山花园店
790039,重庆市江北区首创鸿恩国际店
1441,广州市番禺区万科欧泊店
3060,海口市美兰区海甸三东路3店
1527,江门开平市天御云景苑店
700295,信阳市羊山新区恒大名都店
770128,南京市建邺区茶南大街明清园店
730006,北京朝阳区阳光上东店
0196,深圳福田区新闻路2店
5119,成都市郫都区公园一号店
770088,镇江市润州区凤鸣新村店
1472,广州市番禺区广州碧桂园2店
770096,南京市建邺区莱蒙水榭春天店
710127,苏州昆山市萧林中路店
790116,重庆市南岸区都市风采店
720184,上海虹口区甘河路店
790133,重庆市江北区金砂水岸店
803024,合肥市庐阳区市一医院店
5008,成都高新区天府店
0742,惠州市仲恺高新区富丽嘉园店
1123,广州番禺区金龙路店
780050,宁波市鄞州区金湾华庭店
760096,杭州市下城区颜三路店
811019,青岛市黄岛区金沙滩一号店
1475,佛山市顺德区碧桂园2店 
803102,芜湖市鸠江区伟星幸福里店
821013,昆明市盘龙区万宏国际店
790067,重庆市江北区阳光100城市广场店
770014,南京栖霞区万寿路店
720302,上海市松江区人民北路店
790066,重庆市渝中区雍江御庭店
760122,杭州市拱墅区和东路店
700166,武汉市江岸区现代城店
750091,郑州市金水区观洲国际店
720238,上海浦东新区德川路店
1513,广州市黄埔区青年路2店
4070,义乌市宏迪路店
1481,佛山市顺德区明日华府店
730131,北京市朝阳区美立方店
0374,深圳市龙岗区万科天誉店
710081,无锡滨湖区南湖家园店
770209,南京市栖霞区青秀城店
0599,东莞市东城万达广场
760055,杭州市西湖区文鼎苑店
700140,武汉江岸区友益街店
310013,岳桂元(深圳)
881203,上海市普陀区果多美延长西路店
790137,重庆市渝北区民心佳园店
0191,深圳福田区港中旅花园店
1113,广州番禺区华南新城店
710098,无锡新吴区尚东雅园店
1374,佛山顺德区金威郦都店
0530,东莞长安镇莲峰路店
790129,重庆市江北区金科花园店
710150,无锡新吴区国际一花园店
0715,惠州惠阳区中铭豪园店
790021,重庆市九龙坡区盛世华城店
0638,东莞市樟木头镇帝雍园店
720078,上海虹口区临平路店
5023,成都区浅水半岛店
720279,上海松江区仓华路店
803081,合肥市滨湖区万达星辰店
750014,郑州中原区帝湖花园店
780048,宁波市鄞州区集仕港1店
790144,重庆市渝北区幸福里店
720274,上海嘉定区德华路店
0057,深圳罗湖区松园店
204002,汕尾市海丰县梅陇镇城南新区店
790061,重庆市沙坪坝区富洲新城店
1517,江门鹤山市华侨新村店
1090,广州海珠区下渡路店
1629,珠海市香洲区心海州店
0573,东莞桥头镇石竹山水园店
710093,无锡崇安区中山路店
760051,杭州市上城区春江花月店
700255,鄂州市鄂城区吴都古肆店 
5030,成都青羊区大地锦苑店
760017,杭州江干区红苹果家园店
0616,东莞市南城区中熙弥珍道店
803083,芜湖镜湖区市伊顿公馆店
1001,广州白云区富力半岛花园店
720150,上海虹口区车站南路店
700121,武汉东西湖区金地格林春岸店
881902,北京市东城区果多美南小街店
202007,梅州市五华县华兴北路店
720071,上海浦东新区德平路店
1022,广州天河区华景新城店
1367,珠海香洲区金桦城市花园店
740072,南昌市西湖区桃苑大街店
710066,无锡新区长江国际花园店
720008,上海松江区沪亭北路店
760010,杭州余杭区藕花苑店
720288,上海浦东新区龚华路店
720039,上海浦东新区万科新里程店
6028,厦门思明区源昌国际城店
1529,江门台山市东方广场店
730081,北京市西城区阳光丽景园店
1321,广州白云区合一潮流城店
770166,南京市鼓楼区人和街店
803097,芜湖市镜湖区万达广场店
720143,上海宝山区红太阳广场店
0627,东莞市虎门镇南部湾万科城店
831048,太原市迎泽区264医院店
720059,上海徐汇区斜土路店
700241,信阳市浉河区泰和苑店
720136,上海奉贤区人民南路店
730003,北京朝阳区芳园里店
770030,南京秦淮区五福街店
0386,深圳市龙岗区麓园店
770148,南京市建邺区恒山花苑店
1432,肇庆端州区康乐北路店
1586,江门市江海区天鹅湾店 
790128,重庆市渝北区锦上华庭店
1233,中山石岐区恒信花园店
0453,深圳市福田区香榭里店
0831,汕头市金平区天华美地店
1134,广州白云区京溪路2店
5036,成都武侯区高升桥北路店
0334,深圳市中洲花园店
0591,东莞塘厦镇天麓山碧桂园店
1293,佛山南海区江滨花园店
740055,南昌市新建区都市未来花园店
1185,佛山南海区海棠花园店
0237,深圳南山区鼎太风华店
760072,杭州市滨江区长江小区店
1605,中山市东区竹苑路店
3078,海口市琼山区振兴路店
0080,深圳罗湖区莲塘国威店
203007,普宁市流沙尚堤店
1489,广州市海珠区保利天悦店
710136,苏州工业园区湖东邻里中心店
740110,九江市开发区泰山路店
1399,广州番禺区群贤路店
4020,金华婺城区浦江街店
881043,北京市朝阳区果多美平乐园店
720317,上海杨浦区永吉路店
0001,深圳宝安区圣淘沙店
720303,上海杨浦区双阳路店
0256,深圳南山区留仙居3店
720124,上海浦东新区荷泽路店
1528,中山市东区万象花园店
760037,杭州市富阳区秋月小区店
831007,太原市万柏林区万科蓝山店
1608,广州市天河区远洋天骄店
203001,普宁市御景城店
1264,广州白云区香柏广场店
790059,重庆市沙坪坝区巨东青春华庭店
1310,肇庆四会区盈峰国际店
3104,儋州市解放北路店
803056,合肥市包河区世纪阳光花园店
770175,南京市江宁区莱茵东郡店
4060,义乌市长春店
0493,深圳市宝安区星航华府店
5017,成都成华区建和路店
700227,武汉市洪山区凯乐桂园店
0318,深圳市龙岗区华为荔枝苑2店
4081,金华市婺城区兰溪街店
790108,重庆市南岸区万友七季城店
1353,珠海香洲区恒福阁店
803036,合肥市瑶海区芳邻家园店
750083,郑州市惠济区托斯卡纳店 
5093,成都市双流县慕和南道店
0614,东莞市万江区0769家园2店
0339,深圳市龙岗区金地名峰店
720080,上海杨浦区珠江香樟园店
6050,厦门市集美区中航城店
3038,海口美兰区海甸岛万恒城市花园店
831043,太原市小店区平阳南路保利香槟国际店
4016,金华婺城区胜利街四牌楼店
1209,广州天河区石牌东路店
881025,北京市丰台区果多美蒲黄榆店
770099,南京市浦口区天润城第九街区店
881055,北京市朝阳区果多美双井桥西店
710037,苏州相城区华辰嘉园店
4024,义乌义驾山店
1119,佛山顺德区名门豪苑店
3088,海口市海甸岛一东路店
0597,东莞市长安镇万达广场店
6073,厦门市思明区瑞景店
5097,成都市郫都区龙湖弗莱明戈店
720196,上海闸北区临汾路店
770066,南京市六合区阿尔卡迪亚店
0036,深圳宝安区桃源居1店
720207,上海嘉定区星华公路店
730136,天津市东丽区保利玫瑰湾店
780060,宁波市江北区宁沁家园店
851021,南宁市兴宁区盛天果岭店
710022,苏州高新区时代花园店
0705,惠州惠城区升平苑店
1515,肇庆市端州区星荷湖畔店
803041,合肥市蜀山区大溪地御倾城店
750040,郑州市管城区金色港湾店
720094,上海徐汇区丝庐花语店
0609,东莞市虎门镇人民中路店
6051,厦门市湖里区幸福第二城店
0180,深圳龙岗区碧湖花园店
730041,北京朝阳区九龙花园店
0408,深圳市宝安区中粮锦云店
720250,上海闵行区浦驰路店
750084,郑州市金水区瀚宇天悦店
1037,佛山顺德区威斯广场店
1451,中山市坦洲镇东城四季店
5064,成都高新区中海翠屏湾店
790044,重庆市沙坪坝区华宇金沙时代店
730022,北京石景山区金顶阳光店
202002,梅州市梅县客家新世界广场店
770156,南京市浦口区明发滨江新城西区店
0459,深圳市宝安区园岭大道店
0212,深圳南山区滨海之窗店
1642,清远市清城区万科华府店
4035,金华婺城区西京花园店
710101,苏州昆山市花园路店
0438,深圳市福田区盛捷公寓店
710126,苏州相城区御窑路店
4041,义乌北门街店
750105,洛阳市洛龙区长城花苑店
881060,北京市昌平区果多美立水桥西路店
730072,北京市丰台区彩虹城店
1210,佛山禅城区九鼎国际店
730084,北京市东城区景泰鼎盛园店
730071,北京市朝阳区兴隆家园店
700011,武汉江岸区华清园店
770063,镇江市京口区世纪名门店
700006,武汉硚口区融侨锦城店
700068,武汉武昌区解放路店
841011,徐州泉山区普查小区店
730027,北京朝阳区和平家园店
1547,广州市白云区深业江悦湾店 
710108,苏州昆山市樾河北路2店
5141,成都市武侯区川大店
0303,鲜果吧客深圳龙岗区万科店
881910,北京市西城区果多美荣丰店
0815,汕头市金平区同益花园店
1121,广州天河区林和东路店
851029,南宁市西乡塘区云星城市春天店
790141,重庆市渝北区鲁能星城4店
720162,上海宝山区共康路2店
5148,成都市新都区富力桃园店
1401,广州荔湾区岭南湾畔店
831047,太原市迎泽区并州东街中银欧尚店
730152,北京市昌平区天通苑前置仓店
730023,北京石景山区重聚园店
790057,重庆市巴南区恒大城店
770174,南京市雨花台区春江新城店
3042,海口龙华区西沙路2店
700104,武汉江岸区东立国际店
700031,武汉洪山区大华世家店
1445,广州市越秀区淘金街店
730065,北京市海淀区交大嘉园店
770129,南京市鼓楼区金域中央店
0813,汕头市金平区聚龙花园店
740032,南昌红谷滩新区江信花园店
750016,郑州金水区恒大名都店
780061,宁波市江东区曙光社区店
740047,南昌市西湖区珠宝街店
310009,筑博设计股份有限公司
730155,北京市海淀区马甸前置仓店
831004,太原市晋源区绿地店
841006,徐州经济技术开发区城置国际花园店
740051,南昌市西湖区桃花苑店
730082,北京市朝阳区格林莱雅店
0042,深圳宝安区新境园店
1419,佛山顺德区东城花园店
0224,深圳南山区南国丽城2店
720255,上海虹口区祥德路店
730070,北京市丰台区四方景园店
5055,成都成华区华润二十四城2店
0086,深圳宝安区锦绣江南店
1332,江门蓬江区江华路店
6042,泉州丰泽区裕景湾店
870010,西安市长安区国色天香店
0314,深圳龙华新区曼海宁花园店
0024,深圳罗湖区布心店
0162,深圳罗湖区笋岗店
3095,海口市龙华区学院路店
0048,深圳宝安区榕苑店
0170,深圳南山区桃园村店
1062,广州增城中颐海伦堡店
3072,海口市龙华区金盘路店
720237,上海嘉定区城中路店
5019,成都成华区天祥路店
0091,深圳宝安区桃源居2店(停)
770214,泰州市海陵区时尚广场店
0541,东莞虎门镇太沙路店
1526,中山市西区水悦熙园店
5084,成都市温江区置信学府杏林店
0817,汕头市龙湖区东德园店
720230,上海浦东新区秋岚路店
770019,南京鼓楼区东宝路店
760083,杭州市西湖区西城年华店
740092,丰城市海棠华城店
770051,南京江宁区金王府店
700181,武汉市东湖高新区万科城市花园店
4003,金华婺城区中村路店
0745,惠州市惠城区水北新村店
4044,东阳十字街店
740040,南昌市西湖区站前西路店
780032,宁波市北仑区学府名苑店
3096,三亚市天涯区警苑小区店
1044,广州白云区云山诗意店
790004,重庆市江北区望海花园店
1600,珠海市香洲区棕榈假日店 
811003,青岛市市南区漳州二路店
821038,昆明市五华区春城慧谷2店
1256,广州海珠区敦和路店
860009,福州市仓山区金港路店
0098,深圳南山区东滨路店
770011,南京栖霞区金尧华府店
790025,重庆市渝中区重庆总部城店
0333,深圳市龙岗区城市广场店 
710086,无锡滨湖区建筑路店
770105,镇江市丹徒区瑞泰城市花园店
3047,海口美兰区海甸岛三西路店
740113,景德镇市珠江区景翰店
710044,无锡滨湖区渔港家园店
750034,郑州市管城区橡树玫瑰城店
5076,成都成华区上东壹号店
0623,东莞市松山湖保利红珊瑚店
750098,洛阳市洛龙区宝龙广场店
710013,苏州相城区香城花园店
0810,汕头市金平区桂园南苑店
3001,海口美兰区五指山路店
0568,东莞万江区万福路店
700210,武汉市黄陂区天居园店
1438,广州南沙区丰庭花园店
881071,北京市昌平区果多美百果常鲜店
1535,江门恩平市金沙时代广场店
720121,上海普陀区兰溪路店
803034,合肥市蜀山区凤凰城燕园店
770007,南京栖霞区南大和园店
720287,上海闸北区大宁路店
0195,深圳罗湖区洪湖花园店
201010,河源市源城区万隆一品
760085,杭州市滨江区迎春北苑店
1116,广州海珠区江南大道南店
770032,南京江宁区麒麟锦城店
780045,宁波市江北区华业街店
5051,成都青羊区中铁西城店
710077,无锡南长区五星家园2店
205002,潮州市湘桥区新桥路店
3108,海口市美兰区新埠岛店
0327,深圳市坪山新区招商花园城店
0013,深圳南山区学府店
790125,重庆市渝北区巴山夜雨店
1257,中山东升镇丽景名筑店
720174,上海浦东新区年家浜路2店
0706,惠州惠城区螺仔湖一路店
0260,深圳罗湖区洪湖二街店
720164,上海徐汇区华发路店
770027,南京浦口区旭日爱上城店
1342,佛山三水区汇丰花园店
770006,南京江宁区天元吉第店
1126,广州海珠区水榕路
0176,深圳南山区南国丽城店
700083,武汉江岸区科技苑店
803039,合肥市庐阳区金域蓝湾店
803074,合肥市庐阳区瑞地祥和府店
0446,深圳市罗湖区翠华店
0031,深圳宝安区建安新村店
770005,南京秦淮区仙鹤桥店
740014,南昌青山湖区锦绣春天店
4018,义乌下车门街店
0625,东莞市常平镇丽景花园店
770119,南京市栖霞区花港玫瑰园店
760046,杭州市西湖区古墩路2店
5098,成都市郫都区龙城国际店
5015,成都成华区建兴路店
730150,北京市昌平区回龙观前置仓店
700229,武汉市武昌区汉街万达店
760008,杭州西湖区古墩路店
0637,东莞市黄江镇碧桂园翡翠山店
6048,厦门市同安区乐海店
700272,武汉市硚口区星汇维港 
770190,南京市六合区雨庭花园店
0550,东莞大朗镇美景中路店
1130,佛山禅城区帝景蓝湾店
700292,荆州市沙市区漫城朗御店
0027,深圳宝安区天骄店
770235,南京市高新开发区侨谊路店
780049,宁波市北仑区学苑东路店
881046,北京市海淀区果多美白石桥北店
0273,深圳福田区新新家园店
9930,预售
1435,佛山顺德区碧桂花城店
730012,北京东城区新景家园店
720209,上海闵行区莘浜路店
760106,绍兴市越城区昌安农贸市场店
750097,洛阳市西工区升龙广场店
1536,佛山市南海区泰成逸园店
760003,杭州余杭区伊世纪城市花园店
3002,海口美兰区海府一横店
0716,惠州惠阳区府东路中区华府店
0159,深圳南山区工业八路店
720131,上海虹口区新市南路店
0510,东莞常平镇天鹅湖店
4059,义乌市新科花园店
5041,成都成华区蓝光锦绣城店
851009,南宁市青秀区保利凤翔花园店
1221,广州花都区建设北路店
720112,上海普陀区雪松路店
5040,成都青羊区金沙西园店
202010,梅州市梅县梅荷路店
730115,北京市石景山区鲁谷东街店
730064,北京市朝阳区亮马嘉园店
1424,广州荔湾区逸彩新世界店
0718,惠州惠城区东湖西路店
780030,宁波江北区天合家园店
740070,南昌市青山湖区东方塞纳店
0242,深圳龙岗区布吉街店
6014,厦门思明区禾祥东路店
881085,北京市东城区果多美广渠家园店
5133,成都市龙泉驿区天府逸家店
1395,广州海珠区琶洲新村店
803078,合肥市政务区天珑店
0741,惠州市惠阳区别样城店
790056,重庆市九龙坡区华润二十四城3店
1195,广州越秀区水荫路2店
0017,深圳福田区天然居店
700222,武汉市洪山区金地天悦店
0198,深圳宝安区新安湖店
720283,上海闵行区万科城市花园店
881908,北京市宣武区果多美陶然亭地铁店
720729,xxx
881040,北京市丰台区果多美六里桥店
700179,武汉市江汉区泛海国际店
6013,厦门思明区前埔东路店
811014,青岛市市北区万科东第店
851024,南宁市西乡塘区高新苑店
700218,武汉市洪山区光谷丽都店
5101,成都市郫都区蜀都万达店
0373,深圳市福田区下沙广场店
881901,北京市通州区果多美通州杨庄路店
0811,汕头市龙湖区荣华花园店
3024,海口美兰区二东路店
770222,南京市鼓楼区龙凤玫瑰园店
720058,上海闸北区城上城店
790093,重庆市南岸区金阳骑龙山庄
720271,上海宝山区长江西路店
4067,义乌市赵宅店
0148,深圳福田区莲花北村2店
720018,上海浦东新区康桥老街店
1261,中山坦洲镇星洲花园店
1124,广州海珠区金沙路店
710117,苏州昆山市鑫苑国际花园店
0733,惠州市惠城区佳兆业广场
700238,武汉市汉阳区万科国际3店
1151,广州花都区龙珠西路店
730142,天津市南开区鞍山西道店
770044,南京浦口区天润城第十二街区店
0526,东莞石龙镇世纪滨江豪园店
730134,天津市北辰区柴楼兴园店
700130,武汉武昌区金榜名苑店
760057,杭州市上城区复兴南街店
0079,深圳宝安区滢水山庄店
1573,广州市增城区誉山国际店
4075,东阳市横店万盛南街店
5028,成都成华区蓝水湾店
790120,重庆市渝北区龙湖紫都城店
803049,合肥市经开区禹州华侨城枫园店
1253,广州增城区锦绣御景苑店
0400,深圳市宝安区雍景城店
0181,深圳宝安区居乐苑店
1637,广州市番禺区海伦堡花样年华店
1413,中山沙溪镇金逸豪廷店
1011,佛山南海区中海金沙湾店
770180,马鞍山市雨山区和泰天下店
1511,广州市黄埔区中海誉城北苑店 
0443,深圳市宝安区星际家园店
0232,深圳龙华新区青年城邦园店
750044,郑州市郑东新区鑫苑中央花园店
1015,广州海珠区光大花园店
740102,抚州市伍塘路店
720273,上海嘉定区封周路店
803048,合肥市蜀山区华邦光明世家店
780051,宁波市江东区幸福苑店
1075,广州白云区水边街店
821019,昆明市盘龙区丽水雅苑店
720286,上海浦东新区利津路店
760025,杭州江干区景昙路店
1069,广州荔湾区珠岛花园店
720149,上海闸北区保德路店
720251,上海浦东新区莲园路店
770094,南京市栖霞区南邮广场店
0005,深圳宝安区富通苑店
770023,南京江宁区天元城店
730153,北京市海淀区腾讯店
831008,太原市小店区天美店
0114,深圳南山区龙城路店
0041,深圳罗湖区蔡屋围店
700128,武汉江岸区汉口花园2店
831009,太原市小店区北美N1南门店
1333,广州花都区中房观湖国际店
1553,湛江市霞山区锦绣华景澳林居1号
770124,南京市浦口区珠泉花园店
0320,深圳市龙岗区天健花园店
770071,镇江市京口区香江花城店
770010,南京栖霞区仙林湖店
700037,武汉硚口区香港映象店
790074,重庆市九龙坡区广厦城店
1289,珠海香洲区恒星园店
710024,苏州昆山市时代文化家园店
720123,上海浦东新区高行银杏苑店
1482,广州花都区凤凰北路店
0743,惠州市惠城区富力丽港中心店
202003,梅州市五华县澳园广场店
730103,北京市石景山区依翠园店
0192,深圳福田区福保花园店
1255,广州天河区龙口东路2店
710042,无锡滨湖区万达广场店
6016,厦门思明区公园南路店
700084,武汉武昌区东湖景园店
4002,金华婺城区天龙南国店
1150,广州花都区雅居乐2店
0566,东莞大岭山镇教育路店
803019,合肥市庐阳区大富绿洲店
831014,太原晋源区格林花园店
750086,郑州市高新区谦祥万和城店
821023,昆明市官渡区星辰园店
5142,成都市高新区神仙树大院店
710004,苏州吴中区盘蠡花园店
1390,清远清城区云山诗意店
203002,普宁市明珠花园店
730044,北京丰台区星河城店
0724,惠州市惠城区宏益公馆店
803032,合肥市蜀山区港汇广场店
0158,深圳罗湖区田贝二路店
1276,清远清城区阳光嘉园店
5057,成都锦江区华润翡翠城店
0302,鲜果吧客深圳福田区曼哈店
0164,深圳罗湖区华丽路店
1443,广州市南沙区碧桂园店
860001,福州市晋安区三盛国际公馆店
881905,北京市西城区太平街店
770223,南京市江宁区保利梧桐语店
720101,上海杨浦区世和苑店
0071,深圳罗湖区田心村店
770198,南京市六合区欣乐新村店
700046,武汉武昌区中央花园店
720313,上海黄浦区瞿溪路店
740108,九江市濂溪区万达广场店
760047,杭州市拱墅区湖墅南路2店
730130,北京市朝阳区首开常青藤店
310008,深圳市梅沙宾馆食堂
881057,北京市西城区果多美白纸坊西街店
803052,合肥市蜀山区恒润花园店
710036,苏州昆山市世茂东一号花园店
0115,深圳龙岗区隆盛花园店
770046,南京浦口区旭日华庭店
710016,苏州姑苏区金城花园店
770003,南京玄武区丹凤街店
310004,东莞联丰科艺金属有限公司
803023,合肥市庐阳区祥源广场店
700263,武汉市洪山区东湖尚郡店 
0032,深圳福田区益田村店
1030,广州白云区时代玫瑰园店
1077,佛山南海区中海金沙湾2店
770207,南京市秦淮区朝天宫西街店
0308,深圳坪山区金域缇香店
1412,广州增城区翡翠绿洲店
720175,上海宝山区海尚明城店
1418,珠海香洲区招商花园城店
5066,成都高新区红树湾店
0183,深圳宝安区天悦龙庭2店
1082,广州天河区龙口西路店
803069,合肥市蜀山区红皖家园店
740091,丰城市雷焕路店
700217,武汉市汉阳区经开万达店
1322,中山港口镇丽江花园店
0578,东莞东坑镇皇家公馆店
0372,深圳市龙岗区翰邻城店
0572,东莞凤岗镇三正财富新地店
760110,杭州市余杭区君临广场店
700261,武汉市江岸区越秀君泊店
720016,上海闵行区上海阳城店
1476,佛山市禅城区万科城店
5085,成都市高新区桐梓林壹号店
710032,苏州昆山市江南明珠苑店
6005,厦门湖里区东方巴黎店
1411,佛山禅城区东海国际店
0447,深圳市龙华区世纪春城2店
730091,北京市东城区东花市南路店
1041,广州白云区金碧新城店
720141,上海杨浦区鞍山路店
1158,广州花都区云山大道店
720236,上海普陀区铜川路店
1497,广州市花都区祈福辉煌台店
700150,武汉江夏区中央大街店
841022,徐州云龙区宣武小区店
803029,合肥市新站区东湖山庄店
710164,南通崇川区濠北路店
1109,广州越秀区水荫路店
1392,佛山顺德区海悦新城店
720158,上海浦东新区崂山路店
700160,武汉市青山区奥山世纪城店
0172,深圳罗湖区罗芳店
710039,苏州昆山市大德世家花园店
208002,深圳市福田区熙园店
3030,海口美兰区池天钰园店
720277,上海长宁区天山河畔花园店
1053,广州海珠区怡乐路店
720027,上海闵行区金平路2店
803051,合肥市经开区禹州华侨城柳园店
770157,南京市海峡城新亭街店
760042,杭州市上城区佑圣观路店
0096,深圳龙岗区东大街2店
730143,北京市朝阳区金都杭城店
720042,上海宝山区学府涵青店
0113,深圳罗湖区中兴路2店(停)
0163,深圳宝安区花样年店
5010,成都锦江区宏济路店
1554,广州市番禺区万博四路店
881074,北京市朝阳区果多美惠新西街店
0497,深圳市宝安区深航幸福花园店
3045,三亚吉阳区丹州小区店
0112,深圳罗湖区黄贝中村店(停)
740045,南昌市西湖区永叔路店
720153,上海杨浦区现代星洲城店
0534,东莞虎门镇虎门大酒店店
720240,上海宝山区聚丰园路2店
0524,东莞樟木头镇怡安街店
6072,厦门市海沧区天御花园店
780069,宁波市北仑区天兴家园店
0431,深圳市龙华区大浪华旺路店
1147,广州花都区花都云珠花园店
740052,南昌市红谷滩新区东方海德堡店
720292,上海浦东新区三彩路店
740037,南昌青云谱区青云明珠店
1422,中山石岐区天明花园店
5082,成都市成华区华润二十四城3店
760048,杭州市西湖区晴川街店
720013,上海松江区新松江路店
0278,深圳宝安区香缤广场店
1548,佛山市顺德区美的瀚城店
740089,丰城市新城区府佑路店
870011,西安市长安区雅居乐花园店
1434,佛山禅城区保利香槟花园店
700101,武汉东西湖区吴南花园店
0713,惠州惠城区风华世家店
851002,南宁市兴宁区荣和山水绿城
3015,海口龙华区芙蓉路怡景苑店
821004,昆明市官渡区海伦国际店
770101,南京市江宁区银河湾紫苑店
0362,深圳市万科公园里店
1425,广州天河区跑马地花园店
730042,北京海淀区定慧寺店
6033,泉州丰泽区金帝花园店
730069,北京市朝阳区东坝金泽家园店
790134,重庆市江北区观府国际店
870004,西安市雁塔区海亮新英里店
750013,郑州二七区升龙国际店
1505,佛山市三水区东海蓝湾店
780071,宁波市江东区常青藤小城2店
770049,南京江宁区经纬城市花园店
1047,广州番禺区华进明苑店
0085,深圳福田区新洲二街店
0539,东莞东城区花园城店
720275,上海嘉定区仓场路店
3036,海口美兰区海府一横路2店
700135,武汉硚口区长华公寓店
700273,信阳市浉河区中心医院店 
5033,成都市青羊区长城园店
202011,梅州市梅江区梅水路店
1508,广州市天河区华景里店 
720308,上海静安区阳城路店
5100,成都市郫都区上锦颐园店
hzhfdz,惠州慧富电子商务有限公司
720075,上海闵行区古美西路店
1165,广州天河区粤垦路店
720265,上海嘉定区红石路店
700021,武汉武昌区时尚欧洲店
780072,宁波市鄞州区罗蒙环球城店
881084,北京市朝阳区果多美鲜美溢店
750107,郑州市管城区航海花园店
1348,广州越秀区梅花路店
1306,肇庆端州区棠岗路店
1371,广州花都区富力金港城2店
0458,深圳市福田区八卦二路店
770194,南京市栖霞区中南世纪雅苑店
0226,深圳宝安区宝利豪庭店
202009,梅州市梅县科技路店
5115,成都市高新区云华路店
881014,北京市朝阳区果多美双井店
710097,苏州昆山市珠江北路店
803005,合肥市蜀山区家家景园店
3016,海口龙华区金贸西路
803037,合肥市瑶海区和平盛世店
720276,上海嘉定区永靖路店
881602,河北省廊坊市安次区果多美永兴店
760049,杭州市拱墅区严家桥街店
821025,昆明市盘龙区鑫安花园店
710115,无锡滨湖区融绿星光广场店
0347,深圳市宝安区沿河南路店
1462,广州市黄埔区万科东荟城2店
0208,深圳龙岗区万科第五园店
0284,深圳龙岗区雅豪祥苑店
770210,南京市鼓楼区南师大汉口西路店
760038,杭州市富阳区丁香花园店
750025,郑州市金水区蓝堡湾2店
0177,深圳宝安区东华明珠店
750093,郑州市二七区富达花园店
780037,宁波市北仑区四季华庭店
1265,中山西区蓝波湾店
700230,武汉市东西湖区银湖翡翠店
0132,深圳福田区百花五路店
6064,泉州市鲤城区明光花园店
803101,合肥市经开区铜冠花园店
720187,上海浦东新区五莲路2店
770132,南京市栖霞区中电颐和家园店
760059,杭州市西湖区莲花街店
0399,深圳市宝安区熙龙湾店
720010,上海浦东新区北艾路店
851031,南宁市西乡塘区隆源国际公馆店
770114,南京市江宁区天景山路店
700153,武汉市武昌区八一路店
710063,无锡新区花郡家园店
1219,广州天河区华景新城3店
700022,武汉江汉区宝丽金店
0601,东莞市南城区万科金域华府店
0292,鲜果吧客深圳龙华新区百佳华店(停)
700265,武汉市东西湖区富丽雅花园店
700207,武汉市东湖高新区光谷8号店
0634,东莞市凤岗镇翡翠山湖店
1581,佛山市禅城区创意产业园店
720019,上海松江区象屿都城店
0168,深圳福田区海滨广场店
770093,南京市六合区文馨花苑店
1072,佛山禅城区彩虹路店
770147,南京市秦淮区美林苑店
4061,永康市高圳路2店
720007,上海普沱区长寿路店
860014,福州市台江区上海新苑店
720268,上海闵行区罗锦路店
1133,广州海珠区侨港路店
0142,深圳福田区莲花北店
1079,佛山南海区雅居乐店
4069,义乌市银海店
0473,深圳市龙岗区文峰华庭店
821024,昆明市盘龙区锦悦四季店
4079,衢州市柯城区龙化路店
710010,苏州高新区嘉业阳光假日店
3031,海口龙华区西岭华庭店
802001,鲜果吧客广州海珠区广东财经大学店
700053,武汉江汉区胜利街店
1024,广州黄埔区大万科城市花园店
0329,深圳市宝安区领航城店
0563,东莞东城区蔚蓝星湖店
3106,海口市秀英区丘海一横路店
0245,深圳宝安区文汇花园店
770029,南京浦口区桂美颂店
770045,南京江宁区大学城东方龙湖湾店
700048,武汉东湖高新区柠檬特区店
740010,南昌红谷滩新区凯旋店
790063,重庆市渝北区富悦景园店
760093,杭州市绍兴柯桥区大明颐泽苑店
0437,深圳市宝安区美联中心店
710043,无锡惠山区沁春园店
780023,宁波江东区桑田路店
0658,东莞市松山湖华为湖畔花园店
1376,中山小榄镇跃龙北路店
770206,南京市雨花台区虹悦城店
0452,深圳市福田区梅林路店
0345,深圳市龙华新区水榭春天3店
700163,黄石市黄石岗区万达广场店
790099,重庆市九龙坡区恒大绿洲店
740019,南昌南昌县正荣之都店
202001,梅州市兴宁兴田一路店
700175,武汉市江夏区阳光100店
841002,徐州泉山区滨湖花园店
740008,南昌东湖区叠山路店
1287,广州花都区朗悦君庭店
1403,广州番禺区福景路店
821015,昆明市五华区书香门第店
700253,武汉市汉阳区钟家村店
831006,太原市杏花岭区富力城店
770154,南京市鼓楼区工人新村店
770215,扬州市经济开发区桂香苑店
730151,北京市海淀区中关村前置仓店
780033,宁波市江东区兰亭绿源1店
770178,南京市江宁区中航樾府店
750090,郑州市金水区银基王朝2店
720298,上海闵行区永平路店
0287,深圳宝安区宝安机场店
720023,上海松江区维罗纳贵都店
1563,珠海市香洲区嘉年华店
1039,佛山禅城区恒福新城店
790027,重庆市九龙坡区春江花月店
760036,杭州市富阳区彩虹桥店
730086,北京市朝阳区花园闸北里店
6062,漳州市芗城区瑞京路店
1394,广州海珠区翠城花园2店
700158,武汉市江汉区福星华府店
1532,广州市花都区祈福天龙苑店
730108,北京市朝阳区绣菊园店
5122,成都市天府新区中信城左岸店
1284,珠海香洲区城市风景店
4014,金华婺城区丹光东路店
841014,徐州铜山区万达广场店
760002,杭州拱墅区大浒东苑店
770135,南京市浦口区威尼斯第六街区店
803015,合肥市瑶海区元一名城嘉山路店
6036,厦门湖里区中央湾区店
803095,合肥市政务区天鹅湖万达店
0387,深圳市龙岗区阳光花园店
700176,武汉市东湖新技术开发区恒大华府店
0365,深圳市南山区麒麟花园店
821008,昆明市高新区鼎易天城店
700236,武汉市武昌区创意街店
1114,佛山顺德区康城尚域店
720063,上海宝山区铂金华府店
208001,深圳市宝安区沙井禧园店
6030,泉州丰泽区东方明珠店
700097,武汉硚口区汉水熙园店
770164,南京市栖霞区兰亭雅苑店
851032,南宁市兴宁区金源橘子郡店
700107,武汉洪山区武汉大学店
720231,上海普陀区宁夏路店
803004,合肥市蜀山区大溪地悦溪公馆店
750003,郑州中原区锦艺国际华都店
0746,惠州市惠城区中信水岸城店
803064,合肥市滨湖区万达揽湖苑丙铺路店
1127,广州白云区横沙店
5130,成都市绵阳市高新区铂金时代店
803093,芜湖市鸠江区伟星城店
201002,河源市大同路2店
700197,武汉市洪山区华乐山庄店
0241,深圳南山区学府品园店
770042,南京雨花台区金地自在城店
700167,武汉市硚口区兰亭荣荟店
803003,合肥市庐阳区荷塘月色店
1031,广州萝岗区峰景华庭店
720307,上海闵行区万科金街店
720137,上海宝山区共康路店
730094,北京市朝阳区惠生园店
740002,南昌红谷滩新区世纪中央城店
760084,杭州市滨江区月明路店
208004,深圳市光明区奥园峰荟店
811030,青岛市城阳区万科城市花园店
1627,广州市增城区碧桂园豪园店
5032,成都武侯区天顺路店
760074,杭州市萧山区市心南路2店
710083,苏州吴中区宝带西路店
0611,东莞市长安镇天虹广场店
4073,金华市婺城区骆家塘2店
720006,上海浦东新区东建路店
204004,揭阳市榕城区江南新城店
780009,宁波江东区华泰街店
1034,广州天河区东方三路店
730123,北京市昌平区领秀慧谷店
1433,广州海珠区细岗路店
770009,南京建邺区油坊桥店
720017,上海普陀区清峪路店
0377,深圳市龙岗区尚峰花园店
5006,成都高新区玉林街店
1541,江门台山市城北商业城店
5045,成都锦江区卓锦城店
700201,武汉市洪山区保利时代2店
4040,金华婺城区人民东路店
770002,南京鼓楼区马台街店
720281,上海徐汇区龙漕路店
0363,深圳市光明新区长春中路店
710147,苏州张家港市沙洲中路店
740036,南昌青山湖区天泽园店
700057,武汉江汉区颐和丽晶店
0316,深圳福田区园岭新村店
1192,广州花都区公园前路店
0538,东莞万江区阳光海岸店
710156,苏州工业园区凤凰新天地店
0503,东莞南城区景湖时代城店
770169,南京市高新开发区新城花漾紫郡店
0375,深圳市龙华区丰泽湖山庄店
881008,北京丰台区果多美五间楼店
1601,江门市蓬江区骏景湾品峰店
5052,成都成华区华润二十四城店
720293,上海浦东新区陈春东路店
710041,苏州姑苏区湖山新意店
881807,北京市昌平区果多美昌平西关店
0484,深圳市宝安区佳华豪苑店
710012,苏州姑苏区嘉业阳光城店
700115,武汉汉阳区金色港湾店
0319,深圳龙岗区塞纳时光花园店
1205,广州番禺区星河湾店
720104,上海浦东新区德平路2店
1364,佛山市三水区奥林匹克花园店
770146,南京市玄武区聚宝山庄店
720130,上海闸北区闻喜路店
1203,广州花都区南航花园店
790062,重庆市九龙坡区金科阳光小镇店
0650,东莞市企石镇振兴路店
3111,儋州市亚澜湾小区店
0202,深圳罗湖区太安路店
1171,佛山禅城区奥林匹克花园店
750071,郑州市郑东新区金领时代店 
3057,三亚市吉阳区同心家园一期店
0106,深圳福田区彩田村店(停)
720029,上海松江区绿洲香岛店
720056,上海徐汇区田林东路店
700152,武汉汉阳区都市兰亭店
760111,杭州市余杭区碧天家园店
730139,北京市朝阳门南小街店
700287,黄石市团城山新区武夷花园店
780081,宁波市海曙区天一家园店
0169,深圳宝安区政丰南路店
310014,袁志明(深圳)
821035,昆明市官渡区万科魅力之城店
0051,深圳龙岗区长龙路店
730122,北京市大兴区金地格林小镇店
770199,南京市玄武区恒大翡翠华庭店
6061,漳州市芗城区漳福路店
710053,无锡滨湖区湖滨路店
710069,苏州吴江区丽都花园店
1373,广州番禺区锦绣半岛2店
0321,深圳市宝安区万福人家店
0551,东莞南城区城市风景店
1442,肇庆市大旺高新区金海岸店
4056,金华市婺城区时代花园店
1088,广州番禺区禺山大道店
0736,惠州市惠城区瑞和家园店
720163,上海松江区九新公路店
0418,深圳市宝安区鸿德园店
1042,广州荔湾区西华路店
740112,景德镇市珠江区浙江路店
760112,杭州市上城区紫花路店
1014,广州白云区富力桃园2店
1080,广州白云区富力城广场店
1639,佛山市禅城区绿岛广场店
811009,青岛市李沧区中海国际一里城店
1538,珠海市香洲区万科城店
1228,广州越秀区寺右二马路店
740107,九江市濂溪区新天地广场店
750114,洛阳市洛龙区泉舜186店
1556,广州市花都区天马河公馆店
0455,深圳市罗湖区中兴店
881041,北京市海淀区果多美志新路店
720107,上海浦东新区南泉路店
720126,上海浦东新区金高路店
750079,郑州市金水区经纬花园店 
700232,武汉市青山区众圆广场店
0236,深圳龙华新区水榭春天店
770225,扬州市邗江区栖月苑店
770074,南京市江宁区同曦广场店
0068,深圳福田区紫竹四路店
5109,成都市武侯区桐梓林北路店
6010,厦门思明区后滨路店
770053,南京江宁区武夷绿洲竹山路店
700043,武汉硚口区宝丰店
780055,宁波市北仑区新恒店
0553,东莞南城区石竹花园店
6083,泉州市晋江市石鼓路店
710060,苏州昆山市衡山路店
1471,广州市越秀区麓景路店
5063,成都高新区盛安街店
0700,惠州博罗县嘉豪御景湾店
770220,南京市江宁区南方花园瑞阳居店
720269,上海浦东新区银山路店
0034,深圳南山区南山市场店
790115,重庆市南岸区国际社区3店
790085,重庆市渝北区上品拾陆店 
720086,上海普陀区北石路店
0128,深圳盐田区恩上路店
720179,上海浦东新区乳山路店
720157,上海杨浦区国顺东路2店
1278,江门蓬江区育德街店
310003,米亚精密金属科技(东莞)有限公司
0544,东莞莞城区万科运河东1号店
750129,郑州市金水区天伦锦城店
6015,厦门思明区汇文路店
740117,南昌市西湖区世贸大观园店
3066,三亚市天涯区跃进路店
1167,广州番禺区西丽广场店
1448,佛山市顺德区伦常路店 
1602,清远市清城区阳光100店 
700145,武汉洪山区保利中央公馆店
208003,深圳市罗湖区晒布路店
1135,广州番禺区光明北路店
740003,南昌红谷滩新区汇龙铭都店
1176,广州海珠区四季天地广场店
730043,北京朝阳区卡夫卡公社店
0283,深圳南山区南山豪庭店
750088,郑州市中原区康桥上城品店 
700085,武汉江汉区都市花园店
1533,佛山市南海区金域花园店
720066,上海浦东新区昌里东路店
0095,深圳罗湖区中兴路店
710122,苏州金阊区干将西路店
6024,厦门湖里区鑫海湾店
760079,杭州市xxx店
821010,昆明市西山区理想红树湾店
740043,南昌市西湖区名仕花城店
700042,武汉武昌区紫沙路店
700127,武汉江汉区顶琇晶城店
700177,武汉市洪山区东湖楚天府店
710008,苏州工业园区新未来花园店
1325,广州白云区集贤苑店
0471,深圳市南山区桃花源店
0479,深圳市龙岗区新龙岗花园店
3069,琼海市德海路2店
720045,上海浦东新区维多利华庭店
881047,北京市朝阳区果多美平乐园地铁店
6020,厦门湖里区翔鹭花城2店
710084,苏州相城区春申湖中路店
720073,上海闵行区报春路店
730078,北京市朝阳区沿海赛洛城店
1142,佛山禅城区恒福湖景湾店
1177,广州花都区保利城店
720118,上海闵行区春都路店
831026,太原小店区万科城店
730080,北京市海淀区橡树湾店
700070,武汉武昌区万达公馆2店
0200,深圳南山区南园村店
1083,广州番禺区南华路店
740057,南昌市东湖区象山北路店
0129,深圳福田区爱华市场店
1557,佛山市禅城区普君华府店
0619,东莞市石碣镇彩虹路店
700091,武汉洪山区南湖名都店
0581,东莞中堂镇新兴路店
0323,深圳市龙岗区新雅苑花园店
0358,深圳市龙岗区东城国际店
881016,北京市海淀区果多美苏州街店
730009,北京朝阳区天鹅湾店
790130,重庆市江北区洋河路店
760109,杭州市余杭区邱山大街店
5128,成都市绵阳市涪城区剑南路店
881049,北京市海淀区果多美永定路店
881070,北京东城区果多美广渠门店
760076,杭州市萧山区市心广场店
202008,梅州市兴宁曙光路店
720166,上海奉贤区环城东路店
6009,厦门集美区宁宝花园店
700290,荆州市沙市区太阳城店
710132,无锡梁溪区大成巷店
710095,无锡新吴区春潮商业街店
3097,海口市琼山区文庄路店
730138,天津市河西区庆荣里店
831025,太原小店区华宇绿洲店
1428,佛山顺德区胜达名居店
740097,德兴市街心花园店
5088,成都市双流县佳兆业君汇上品店
0532,东莞虎门镇华美小区店
0230,深圳龙岗区德兴花园店
0575,东莞虎门镇新园东路店
700156,武汉市武昌区福星国际城店
4006,金华婺城区义乌街店
1444,广州市花都区云峰花园店
730056,北京丰台区怡海花园店
0020,深圳宝安区风和日丽店
0265,深圳福田区田面2店
881050,北京市西城区果多美甘家口店
730137,天津市西青区富力湾店
700256,鄂州市鄂城区黄金水岸店
0344,深圳市宝安区招商果岭店
740034,南昌西湖区南京西路店
0371,深圳市福田区笔架山公馆店
0341,深圳市宝安区西荟城店
803096,合肥市经开区百乐门店
1297,佛山顺德区金河水岸店
1183,广州越秀区东环路店
700124,武汉江汉区儒商花园店
0354,深圳市盐田区中英街壹号店
720289,上海长宁区定西路店
0704,惠州惠城区西堤路店
790048,重庆市大渡口区中交丽景店
720285,上海宝山区长江西路2店
760012,杭州滨江区国信嘉园店
1212,佛山顺德区桂花路店
3029,海口龙华区国贸3店
710007,苏州工业园区湖畔天城店
720098,上海普陀区真光路店
1351,江门新会区侨兴花园店
0146,深圳龙岗区锦绣东方店
700165,黄石市西塞山区大上海广场店
730074,北京市通州区华业东方玫瑰园店
0124,深圳龙岗区布吉慢城店
700060,武汉东西湖区万科高尔夫2店
770149,南京市秦淮区皇册家园店
720065,上海普陀区中华新路店
0564,东莞厚街镇汇景新城店
700010,武汉武昌区水岸星城店
1460,广州市越秀区盘福路店
740114,南昌市高新区海上传奇店
710050,无锡滨湖区梁清路店
730132,天津市西青区美域豪庭店
0570,东莞南城区东骏豪苑店
710040,苏州昆山市康城花园店
720159,上海普陀区甘泉路店
3003,海口龙华区龙华路龙华店
770100,南京市玄武区晏公庙店
0227,深圳宝安区西岸华府店
1632,广州市增城区新塘凤名苑店
1561,湛江市赤坎区金一横路店
0311,深圳龙岗区华为荔枝苑店
710058,无锡惠山区万达广场店
1094,广州荔湾区芳村花蕾路店
0156,深圳龙岗区宏兴苑店
790114,重庆市南岸区融侨半岛店
0059,深圳宝安区水斗富豪店
821028,昆明市官渡区子君欣景店
760104,杭州市滨江区阿里巴巴滨江园区店
0420,深圳市南山区香山中街店
821020,昆明市盘龙区瑞鼎城店
0421,深圳市龙华区大浪华繁路店
860003,福州市仓山区欧彼岸城店
0643,东莞市横沥镇御河湾店
831016,太原迎泽区中正天街店
881204,上海市徐汇区果多美大木桥店
0419,深圳市坪山新区六和城店
1587,阳江市江城区石湾广场店
700007,武汉江岸区融科天城店
0481,深圳市南山区南水小区店
720074,上海闸北区平型关路店
881029,北京市朝阳区果多美劲松中街店
870001,西安市曲江新区金辉世界城店
6004,厦门思明区音乐花园店
1243,中山火炬开发区健康花城店
0171,深圳宝安区濠景城店
881018,北京市丰台区果多美刘家窑店
0808,汕头市龙湖区恒信花园店
821018,昆明市盘龙区金色俊园店
5047,成都锦江区万科金润华府店
730033,北京朝阳区武圣西里店
803060,合肥市包河区金地国际城店
720052,上海闵行区颛兴路店
700129,武汉汉阳区惠民苑店
0543,东莞黄江镇富康花园店
3065,海口市美兰区宁江花园店
803092,芜湖市镜湖区圣地雅歌店
1263,广州番禺区华侨城店
760030,杭州下城区金都华庭店
851005,南宁市西乡塘区御景蓝湾店
0201,深圳南山区花果山店
720280,上海嘉定区福海路店
710023,苏州沧浪区南园南路店
0116,深圳南山区学府中路店
811008,青岛市李沧区伟东幸福之城二期店
760099,杭州市绍兴柯桥区双渎路店
770103,南京市江宁区东郊小镇四街区店
3092,三亚市金蓝湾花园店
770140,南京市玄武区高楼门店
1283,珠海香洲区恒翠山庄店
720208,上海长宁区淮海西路店
1166,广州番禺区东怡新区店
1006,广州荔湾区荔港南湾店
730126,北京市海淀区科学院南路店
881803,北京市昌平区果多美鼓楼北街店
0016,深圳罗湖区龙园山庄店
740111,德兴市福泰广场店
0476,深圳市龙华区绿景香颂店
720113,上海浦东新区博兴路店
0727,惠州市惠城区方直广场店
0499,深圳市龙岗区正大时代华庭店
208006,深圳市南山区高新富悦公寓店
1335,江门蓬江区江会路店
0206,深圳盐田区三家店
3101,海口市龙华区金岭花园店
770134,镇江市京口区香江世纪名城店
1449,广州市越秀区百灵路店
5071,成都成华区万科魅力之城店
0582,东莞横沥镇瑞康广场店
851004,南宁市江南区金康凤江苑店
0067,深圳罗湖区渔民村店
1355,珠海香洲区华海花园店
831010,太原市晋源区绿地2号店
6069,泉州市晋江市中奥名雅居店
0596,东莞市寮步镇星城国际店
0607,东莞市东城光辉店
720294,上海浦东新区台儿庄路2店
0630,东莞市万江区北大资源店
710153,南通市开发区橡树湾店
1021,佛山南海区怡翠馨园店
1626,佛山市南海区中海环宇城店
770072,南京市浦口区榴美颂店
720257,上海黄浦区南京西路店
790084,重庆市巴南区御府观澜阁店
720221,上海静安区武定路店
710116,苏州昆山市光大花园店
700138,武汉硚口区翰林珑城店
3055,海口市美兰区海府路店
5079,成都成华区兴元华盛店
5020,成都青羊区蜀源路店
0448,深圳市龙岗区可园三店
6080,漳州市芗城区延安广场店
710113,无锡惠山区晴山蓝城店
1500,佛山市南海区万科金域中央店
770001,南京秦淮区铜井巷店
0529,东莞长安镇德政西路店
1398,广州海珠区大江苑2店
5126,成都市龙泉驿区驿都城店
4054,永康市城东路店
730107,北京市通州区富力尚悦居店
821027,昆明市盘龙区金禧园店
790002,重庆市渝北区鲁能星城店
0468,深圳市龙岗区熙璟城店
3112,海口市秀英区锦地翰城店
1252,广州番禺区中华大道店
5140,成都市温江区万科朗润园店
1531,珠海市金湾区万科城市花园店
790041,重庆市南岸区龙湖观山水店
700184,武汉市江岸区万科金域湖庭店
710158,无锡新吴区万科金域缇香店
0461,深圳市龙岗区上品雅园店
0442,深圳市龙岗区万科清林径店
1341,珠海香洲区北欧森林店
4074,义乌市诚信店
1358,佛山南海区金域蓝湾店
6082,厦门市思明区嘉盛豪园店
720304,上海浦东新区板泉路店
881031,北京市西城区果多美月坛南街店
730035,北京西城区中信城店
1200,佛山禅城区帝景蓝湾2店
0547,东莞东城区新世界花园店
0388,深圳市龙岗区喜悦里店
811007,青岛市李沧区万达广场店
700191,武汉市武昌区才华茗苑店
803033,合肥市瑶海区香格里拉花园店
1181,广州花都区商业大道2店
0205,深圳南山区登良花园店
860016,福州市仓山区万达广场店
700262,黄石市大冶市风华店 
5089,成都市高新区天鹅湖花园店
720220,上海闵行区银春路店
740018,南昌南昌县象湖明珠店
700147,武汉江汉区新华路店
780070,宁波市江东区丁香苑店
6055,漳州市芗城区冠成国际店
1491,广州市天河区珠江新城兴盛路店
760082,杭州市拱墅区永庆路店
750082,郑州市中原区威尼斯水城店 
1314,广州海珠区江燕南路店
4084,义乌市荷塘月色店
790019,重庆市南岸区国际社区店 
790124,重庆市渝北区天骄俊园店
720282,上海嘉定区海波路店
821030,昆明市五华区朗悦湾店
800002,鲜果吧客南昌红谷新区红谷凯旋店
870003,西安市高新区紫薇田园都市店
3040,海口美兰区五指山路3店
0154,深圳龙岗区英郡年华店
730127,北京市通州区加州小镇店
5124,成都市龙泉驿区世茂城店
720092,上海嘉定区万达广场店
730051,北京石景山区西山枫林店
1520,中山东升镇丽城花园店
0569,东莞虎门镇丰泰裕田花园店
5132,成都市温江区学府阳光店
831001,太原市小店区体育路坞城世纪店
0190,深圳龙华新区潜龙花园店
700148,武汉硚口区沿江一号店
790150,重庆市江北区融景城店
730025,北京朝阳区珠江帝景店
0121,深圳罗湖区水贝2路店
881052,北京市东城区果多美广渠门内店
0117,深圳南山区海韵嘉园店
0053,深圳福田区梅林一村店
1052,广州天河区中海康城店
750123,洛阳市涧西区河科大附属医院店
790098,重庆市沙坪坝区隆鑫天雨方店
710155,南通崇川区中南世纪花园店
730066,北京市朝阳区常营北辰福第店
770133,镇江市京口区名仕佳园店
0474,深圳市罗湖区松园北街店
720043,上海松江区新南街店
1572,佛山市顺德区南屏路店
770161,马鞍山市花山区恒大御景湾店
790140,重庆市渝北区逸静丰豪店
770130,南京市江宁区殷巷新寓店
851012,南宁市西乡塘区保利爱琴海店
1486,佛山市顺德区佛奥园店
0719,惠州惠城区马庄路店
760090,杭州市绍兴越城区鲁迅西路店
851025,南宁市兴宁区天健世纪花园店
730037,北京朝阳区奥林匹克花园店
1469,广州市荔湾区文昌南路店
4072,金华市婺城区明月街店
700027,武汉洪山区新大地店
1025,广州萝岗区开万科新里程店
700244,武汉市青山区八大家花园店
1227,中山东凤镇逸湖半岛店
0355,深圳福田区梅兴苑线上店
780057,宁波市江东区常青藤小城店
770234,南京市溧水区水岸新都店
780058,宁波市海曙区白云街店
700203,武汉市洪山区芷岸龙庭店
1163,佛山南海区珠江半岛花园店
1027,广州天河区车天朗明居店
710130,苏州相城区康桥丽都店
790036,重庆市南岸区国际社区2店
730141,北京市朝阳区新城国际店
1137,广州荔湾区东漖北路店
750122,郑州市金水区绿城水岸名苑店
5069,成都市高新区新乐中街店
730092,北京市朝阳区北花园店
811002,青岛市市南区新贵都二期店
720046,上海浦东新区丁香路店
700116,武汉江岸区幸福时代店
720031,上海浦东新区永泰路店
6022,厦门思明区自然家园店
740001,南昌红谷滩新区鹿暻店
720213,上海宝山区长逸路店
3050,海口琼山区高登东路店
700240,武汉市江汉区盛世江城店
760080,杭州市萧山区开元名都店
860015,福州市仓山区中天金海岸店
710075,苏州吴中区金郡花园店
821014,昆明市盘龙区北泰花园
780066,宁波市镇海区清川路店
760052,杭州市上城区近江北路店
0133,深圳宝安区桃源居4店
720030,上海杨浦区国权东路店
770216,南京市浦口区招商依山溪谷花园店
1286,珠海香洲区华丽花园店
0248,深圳宝安区大益广场店
770219,泰州市海陵区宫涵花园店
720193,上海浦东新区北中路店
720205,上海黄浦区新闸路店
3007,海口美兰区西沙路店
780001,宁波江东区天水华都店
0306,鲜果吧客深圳龙岗区新鸿花园店
730106,北京市丰台区七克拉店
0012,深圳宝安区桃源居3店
720199,上海闵行区都市路店
0558,东莞清溪镇嘉信广场店
710138,苏州张家港市沙洲东路店
0559,东莞塘厦镇博登湖店
881906,北京市房山区北秀街店
780036,宁波市江北区洪塘中路店
700099,武汉青山区东方丽锦店
760029,杭州江干区广宇上东臻品店
1106,广州白云区云龙路店
1045,广州白云区怡新花园店
700174,黄石市黄石港区文化宫店
720263,上海长宁区天山西路店
1537,珠海市香洲区天钻假日店
0439,深圳市福田区鹏盛村店
0210,深圳南山区麒麟花园店
1051,广州白云区岭南新世界店
0721,惠州惠城区金迪星苑2店
0246,深圳宝安区幸福海岸店
0624,东莞市虎门镇万达广场店
700185,武汉市汉阳区南国明珠店
5073,成都武侯区优客联邦店
4019,义乌江滨路店
700228,武汉市洪山区美林青城店
1071,广州增城现代城市花园店
760026,杭州江干区金堡街店
750046,郑州市金水区普罗旺世2店
770065,镇江市丹徒区风景城邦店
0122,深圳盐田区金融路店
0751,惠州市博罗县园洲镇园洲花园店
203003,普宁市怡景家园店
870008,西安市长安区雅居乐铂琅峯店
1492,广州市天河区员村山顶店
0509,东莞常平镇金美花园店
5108,成都市金牛区三友路店
770092,南京市栖霞区和燕路店
1391,广州番禺区金海岸花园店
0644,东莞市虎门镇金捷路店
720177,上海浦东新区城南路店
3023,海口龙华区国贸一横路店
790104,重庆市九龙坡区同创奥韵店
0703,惠州惠城区金迪星苑店
0723,惠州惠城区丽景花园店
770115,南京市六合区龙池花园店
881011,北京市东城区果多美国瑞城店
881035,北京市丰台区果多美纪家庙店
0610,东莞市南城区黄金花园店
841003,徐州鼓楼区风尚米兰店
3085,海口市琼山区振发路店
710091,苏州吴中区澄湖西路店
1624,广州市番禺区庄士映蝶蓝湾店
0251,深圳福田区华强花园店
750002,郑州二七区二七万达广场店
310007,平安银行总行食堂
710143,苏州张家港市南门路店
1635,佛山市顺德区公园1872店
841027,徐州铜山区文华美景店
700291,荆州市沙市区新天地店
5081,成都成华区上东壹号2店
700092,武汉武昌区海达广场店
720299,上海闵行区古美路3店
0250,深圳龙岗区四季花城2店
0199,深圳福田区新洲南村店
0274,深圳福田区梅村路店
710141,苏州张家港市园林路店
700052,武汉武昌区风华天城店
700033,武汉汉阳区水岸人家店
710157,苏州昆山市新城域店
700098,武汉青山区钢花南苑店
730038,北京大兴区鸿坤理想城店
4022,金华婺城区八一南街店
1184,佛山顺德区凤山东路店
710047,无锡北塘区盛世家园店
831024,太原万柏林区西华苑店
720244,上海嘉定区安亭新源路店
1315,佛山三水区雅居乐花园店
dzswsh,深圳宝安区深航店
730018,北京朝阳区筑华年店
841029,徐州泉山区金鹰人民广场店
4051,金华婺城区保集蓝郡店
1643,广州市番禺区雅居乐剑桥汇店
1589,广州市黄埔区萝岗万达广场店
740049,南昌市南昌县力高国际店
1146,广州花都区花都雅居乐店
3107,海口市龙华区中海锦城店
710144,苏州张家港市湖滨国际店
4083,金华市金东区万达广场店
5103,成都市锦江区三官堂街店
700155,武汉市江汉区葛洲坝国际广场店
881061,北京市石景山区果多美石景山古城南路店
0540,东莞塘厦镇隆福花园店
740029,南昌西湖区天佑国际公寓店
700194,武汉市汉阳区广电熙园店
0809,汕头市龙湖区嵩山南路店
6006,厦门思明区福满山庄店
0445,深圳市宝安区万象新天店
831022,太原杏花岭区上马街店
821017,昆明市西山区盛高大城店
720203,上海普陀区梅川路店
790096,重庆市渝北区伟清泊客店
720001,上海闵行区春申景城店
790107,重庆市九龙坡区南方花园店
3011,海口龙华区龙华二横路店
770212,扬州市经济开发区淮左郡庄园店
1578,佛山市南海区中恒海晖城店
0369,深圳市宝安区中熙香缤山店
0330,深圳市龙岗区天安云谷店
1108,广州越秀区大德路店
750022,郑州市金水区曼哈顿广场店
750053,郑州市中原区公园壹号店
811021,青岛市市北区百脑汇店
740079,九江市浔阳区城市花园店
720256,上海静安区西康路店
1169,广州番禺区南华路2店
0812,汕头市金平区龙眼北路店
760070,杭州市拱墅区米市巷店
0097,深圳罗湖区莲塘聚福路店
720215,上海长宁区法华镇路店
1190,广州花都区轩逸花园店
790092,重庆市渝北区富悦麓山别苑店
760119,杭州市萧山区拱秀路店
0519,东莞环城东路新世纪星城店
720217,上海松江区万达广场店
1104,广州白云区岗贝路店
770183,南京市六合区大厂晓山路店
700196,武汉市江岸区解放公园店
5092,成都市锦江区蓉上坊店
770163,南京市六合区龙池翠洲店
0490,深圳市福田区中航北苑店
710163,苏州吴中区惠润金峰邻里中心店
720247,上海浦东新区芳华路店
770217,扬州市广陵区天俊悦府店
0554,东莞南城区格林小城店
851026,南宁市青秀区维也纳森林店
810033,青岛市市北区联城海岸店
760102,杭州市余杭区北辰之光店
1636,珠海市香洲区梅花豪庭店
740115,南昌市红谷滩新区博能中心店
831013,太原市小店区体育西路店
1426,佛山禅城区榴苑路店
750081,郑州市金水区普罗旺世3店 
202005,梅州市梅江区丽都西路店
0062,深圳宝安区西城上筑店
1138,广州天河区天河广场店
720083,上海徐汇区浦北路店
710131,苏州昆山市春晖路店
730083,北京市朝阳区金泰丽富嘉园店
740050,南昌市西湖区船山路店
700215,武汉市汉阳区澜菲溪岸店
800001,鲜果吧客南昌红谷滩区万达茂店
0349,深圳市龙岗区水岸新都店
0830,汕头市龙湖区华山路店
5021,成都金牛区锦城名都店
0515,东莞常平镇东田丽园店
3027,海口美兰区怡心园店
770189,南京市六合区莉湖花园店
0145,深圳宝安区梅陇镇店
760041,杭州市滨江区南岸晶都花园店
803061,合肥市政务区琥珀五环城店
881026,北京市海淀区果多美太平路店
720047,上海闵行区和润花园店
1193,广州白云区富力半岛2店
0542,东莞风岗镇大运城邦花园店
5105,成都市青羊区优品道店
1145,广州越秀区寺右新马路店
3006,海口美兰区海甸五西路店
1416,广州萝岗区万科东荟城店
760058,杭州市上城区衢江路店
1379,佛山南海区中南花园店
1236,江门蓬江区东华一路店
790037,重庆市渝北区鲁能星城2店
0255,深圳福田区翡翠名园店
0282,深圳南山区兴工路店
6037,泉州石狮市濠江丽景店
720176,上海嘉定区嘉宝都市港湾店
1087,广州番禺区桥德兴路店
3048,三亚天涯区团结街店
202012,梅州市丰顺县河滨路店
803094,合肥市蜀山区安居苑店
0635,东莞市虎门镇博头店
5096,成都市高新西区保利香槟国际店
720195,上海普陀区新湖明珠城2店
851008,南宁市保利龙腾上园店
750078,郑州市郑东新区东方鼎盛时代店 
780038,宁波市鄞州区世纪花园店
770111,南京市浦口区盘金华府店
1279,佛山顺德区康城花园店
1400,广州海珠区泰沙路店
720154,上海奉贤区新南家园店
1208,广州海珠区宝岗大道店
730019,北京朝阳区倚林佳园店
0803,汕头市金平区金新路店
1452,佛山市顺德区汇成华庭店
1060,广州白云区远景路店
720134,上海杨浦区民星路店
1029,广州番禺区大丽江花园店
730146,北京市海淀区苏州街地铁站店
770213,南京市六合区大厂草芳路店
790054,重庆市江北区曦城店
3020,海口龙华区国贸2店
0731,惠州市惠阳区星河丹堤店
720115,上海长宁区黄金城道2店
720049,上海浦东新区锦安东路店
1008,广州番禺区雅居乐店
811023,青岛市城阳区马家台店
720064,上海长宁区娄山关路店
780074,宁波市江东区中兴社区店
0279,深圳福田区皇城广场店
4026,义乌化工路店
803042,合肥市包河区科大花园店
720249,上海松江区新南街2店
851030,南宁市西乡塘区正恒国际广场店
0253,深圳福田区梅林路店
0561,东莞寮步镇鼎峰品筑店
0357,深圳市红宝2店
1382,中山沙溪镇世纪新城店
1365,广州增城区天麓山店
1551,湛江市赤坎区华盛新城店
710094,无锡新吴区香溢紫峻园店 
710061,无锡北塘区兴源北路店
0111,深圳南山区港湾丽都店
730016,北京朝阳区华侨城店
700161,武汉市江岸区金地名郡店
710006,苏州姑苏区白塔西路店
881078,北京市密云区果多美密云大剧院店
790038,重庆市渝北区皇冠自由城店
0002,深圳罗湖区红宝路1店
710062,无锡崇安区上马墩路店
780086,宁波市鄞州区永达路店
770040,南京雨花台区西善义德店
750020,郑州二七区鑫苑现代城店
740015,南昌西湖区桃花源居店
0123,深圳宝安区兴业华庭店
0832,汕头市澄海区文祠东路店
700056,武汉洪山区保利心语2店
1628,佛山市南海区恒大金名都店
1597,佛山市禅城区时代年华店 
760088,杭州市江干区紫丁香街店
1005,佛山南海区万科四季花城店
860011,福州市仓山区兰庭新天地店
0008,深圳南山区蔚蓝海岸店
870009,西安市高新区糜家桥店
0722,惠州博罗县御景豪庭店
770113,南京市浦口区星岛园店
750056,郑州市金水区天下城店
1596,广州市荔湾区珠光御景壹号店
1518,佛山顺德万科水晶城店
0014,深圳福田区车公庙店
831031,太原万柏林区华峪东区店
750051,郑州市二七区五号街坊店
1004,广州白云区金迪花园店
0824,汕头市潮南区广祥路店
720116,上海普陀区常徳路店
0293,深圳罗湖区罗湖村店
5086,成都市锦江区绿地468公馆店
770200,南京市江宁区世茂梦享家店
710030,苏州相城区大观花园店
4077,衢州市柯城区百汇路店
0667,东莞市南城区中信森林湖
720259,上海黄浦区西凌家宅路店
720079,上海宝山区行知路店
0360,深圳市福田区彩田村店
720103,上海浦东新区杨思路店
730089,北京市朝阳区康惠园店
700103,武汉东湖高新区新世界店
821007,昆明市五华区和谐广场店
770084,南京市江宁区萃文路店
0243,深圳龙岗区中海康城2店
803006,合肥市庐阳区汇银广场店
851022,南宁市良庆区钱隆江南店
841016,徐州铜山区国基城邦店
1101,广州番禺区大富庭华苑店
0099,深圳福田区国都高尔夫花园店
710027,苏州昆山市亭林路店
730046,北京朝阳区丽景园店
720125,上海黄浦区打浦路店
5056,成都高新区金桂路店
831030,太原迎泽区小南关店
0328,深圳市南山区阳光海滨花园店
841028,徐州泉山区湖滨西村店
0045,深圳宝安区缤纷世界店
770224,南京市秦淮区侯家桥店
700264,武汉市洪山区金地自在城店
208005,深圳市龙岗区万科第五园2店
740069,南昌市红谷滩新区江岸汇景店
730020,北京海淀区时雨园店
5035,成都高新区天久路店
710159,南通崇川区中南城店
770091,南京市浦口区阳光帝景店
811020,青岛市市北区紫云台店
750111,郑州市高新区学府嘉园店
700276,信阳市浉河区胜利路店
310006,联丰表壳厂有限公司
5138,成都市双流区南湖逸家店
1393,珠海香洲区中珠上城店
1478,佛山市南海区中海锦城店
0144,深圳罗湖区新港鸿花园店
860006,福州市晋安区大名城店
1058,广州白云区云景花园店
0427,深圳市龙岗区平湖守珍街店
1510,佛山市南海区都市晴园店 
841018,徐州云龙区中央公元店
0492,深圳市龙岗区中心花园店
720192,上海浦东新区博山东路店
730050,北京海淀区文慧园店
710085,苏州昆山市九方城店
720055,上海虹口区飞虹路店
0109,深圳福田区碧荔花园店
740026,南昌高新区绿地新都会店
0505,东莞东城区东糖花园店
740066,南昌市新建区建设路店
3076,海口市美兰区海甸岛世纪大道店
770162,南京市江宁区中海国际智通路店
710028,苏州昆山市好美家店
6019,厦门市思明区华天花园店
720009,上海闵行区名都路店
4078,衢州市柯城区裕丰花园店
1275,清远清城区金碧湾花园
1459,佛山市顺德区深业城店
0304,深圳福田区凤凰大厦店
700054,武汉东湖高新区保利花园店
790135,重庆市九龙坡区金茂珑悦店
760115,绍兴市诸暨和泰路店
0523,东莞常平镇中元街店
710107,苏州昆山市北门路店
720183,上海浦东新区民耀路店
740041,南昌市红谷滩新区世茂天城店
740031,南昌南昌县都市晴园店
720202,上海杨浦区中原路店
780013,宁波海曙区恒春街店
700275,武汉市洪山区祥和苑店
1271,珠海香洲区岭秀城店
720114,上海杨浦区国顺东路店
790089,重庆市合川区交通街店
730059,北京朝阳区七圣南路店
6025,厦门湖里区华永天地店
730068,北京市丰台区远洋自然店
0413,深圳市宝安区白金假日店
881072,北京市丰台区果多美方庄桥西店
1120,佛山顺德区文秀路店
780077,宁波市北仑区里仁花园店
0152,深圳宝安区泰华豪园店
1640,广州市南沙龙光棕榈店
6059,泉州市晋江市新加坡城店
720178,上海浦东新区西营南路店
5102,成都市郫都区华邑阳光里店
881038,北京市朝阳区果多美松榆店
0130,深圳南山区星海店
4066,金华市婺城区三路口店
730048,北京石景山区远洋山水店
720172,上海静安区余姚路店
700225,武汉市洪山区学雅芳邻店
740101,抚州市凤凰城店
1562,湛江市霞山区海景路店
1350,珠海香洲区丰泽园店
730031,北京朝阳区天之骄子店
790052,重庆市江北区保利香雪店
1068,广州天河区龙口东店
3059,海口市龙华区昌茂花园店
0380,深圳市龙岗区城市广场2店
780084,宁波市鄞州区中海国际店
5107,成都市成华区铂士公馆店
1405,肇庆端州区恒裕花园店
0648,东莞市南城区格林小城2店
700106,武汉汉阳区世纪龙城店
740063,南昌市西湖区国贸阳光店
700047,武汉东湖高新区巴黎豪庭店
0620,东莞市黄江镇星光天地店
0143,深圳南山区太子山庄店
730004,北京朝阳区嘉铭桐城店
740007,南昌东湖区锦苑春天店
803068,合肥市庐阳区橡树湾凤台路店
700038,武汉武昌区胭脂山桂苑店
750066,郑州市金水区21世纪社区店 
1112,广州萝岗区青年路店
3008,海口龙华区南沙路1店
4017,义乌春江路店
0026,深圳南山区阳光棕榈园店
700016,武汉江岸区文卉苑店
0157,深圳罗湖区春风路店
710109,苏州姑苏区莫邪路店
1339,广州天河区林乐路店
831041,太原迎泽区桃园南路康乐街店
0240,深圳罗湖区水库新村店
730008,北京朝阳区远洋天地店
700260,武汉市东湖高新区保利时代3店 
720297,上海杨浦区靖宇东路店
3093,三亚市大东海路店
700066,武汉江岸区台北路店
0822,汕头市金平区嘉泰雅园店
4004,金华婺城区东莱路2店
710001,苏州姑苏区新康花园店
720139,上海奉贤区育秀路店
710096,无锡梁溪区金科世界城店
700288,武汉市汉阳区恒大绿洲店
730017,北京朝阳区美景东方店
1092,广州海珠区前进路店
780080,宁波市镇海区后大街店
0508,东莞常平镇紫荆花园店
700072,武汉武昌区徐东兴华店
710114,无锡梁溪区时代上城店
5121,成都市龙泉驿区果壳里的城店
700274,武汉市东湖高新区万科锦程店
1105,广州海珠区礼岗路店
720229,上海闸北区灵石路店
780046,宁波市海曙区马园路店
4043,东阳人民路店
740060,南昌市西湖区朝阳洲中路店
770052,南京江宁区武夷绿洲科建路店
0204,深圳南山区珠光路店
0502,东莞万江区0769家园店
803088,合肥市政务区保利香槟国际店
730062,北京市大兴区兴海家园店
851035,南宁市江南区保利城店
4005,金华婺城区南苑店
730128,北京市朝阳区万科星园店
0281,深圳盐田区瀚海东岸店
700187,武汉市东湖高新区南湖时尚城店
0730,惠州市惠城区金田苑店
0639,东莞市大朗镇求富花园店
1555,广州市花都区狮城国际店
750065,郑州市金水区人和花园店 
0406,深圳市龙岗区恒大国香山店
720198,上海浦东新区新川路店
790139,重庆市渝北区鸳鸯北路店
0261,深圳龙岗区双拥街店
803076,合肥市政务区海岸花园店 
0160,深圳南山区留仙居店
0268,深圳罗湖区洪湖一街店
770144,南京市江宁区万达竹山路店
1397,中山东区长江市场店
790076,重庆市江北区珠江太阳城2店
760023,杭州拱墅区大关苑店
6057,漳州市芗城区温泉公寓店
5016,成都成华区双庆路店
0384,深圳市龙岗区新乐路店
720234,上海浦东新区新德路店
780006,宁波鄞州区东湖花园店
760043,杭州市上城区金鸡岭店
720201,上海嘉定区万达广场2店
760015,杭州余杭区临平东湖中路店
1521,广州市增城区新塘时尚广场店
3044,三亚吉阳区商品街2店
881601,河北省廊坊市广阳区果多美万向城店
3013,海口龙华区国贸1店
710009,苏州相城区合景峰汇店
1074,佛山南海区沙面新城店
881003,北京市西城区果多美陶然亭店
1620,广州市越秀区共和大街店
0806,汕头市金平区大华路店
720132,上海普陀区亚新广场店
730114,北京市朝阳区奥林匹克三期店
1225,广州番禺区碧桂园店
750045,郑州市经开区远大理想城2店
5078,成都成华区融锦城店
841008,徐州泉山区少华小区店
740053,南昌市高新区火炬二路店
740027,南昌西湖区民德路店
803009,合肥市瑶海区阳光汇景店
1366,珠海香洲区华发世纪城店
700239,武汉市江汉区悦海园店
1463,珠海香洲区华南名宇店
770131,南京市鼓楼区复地新都国际店
740017,南昌西湖区广场东路店
750132,驻马店市驿城区天中豪园店
5027,成都成华区锦绣东方店
700032,武汉青山区紫金苑店
1464,佛山市南海区万锦豪园店
750061,郑州市中原区锦艺国际华都2店
821999,昆明市南博会专用
730111,北京市大兴区康乃馨城店
803077,合肥市庐阳区万科城市之光店
730034,北京朝阳区国美第一城店
740023,南昌西湖区国际华城店
831037,太原迎泽区水西关街康隆店
5060,成都青羊区保利金香槟店
0211,深圳宝安区甲岸村店
700071,武汉江岸区融科天城2店
780052,宁波市鄞州区集仕港2店
0263,深圳南山区海景花园店
730036,北京朝阳区富力又一城店
4045,东阳振兴路店
1229,中山东区朗晴假日店
5090,成都市高新区中德英伦联邦店
0337,深圳市福田区园岭新村2店
1319,中山东区嘉逸新村店
710135,苏州吴中区太阳城翡丽湾店 
3034,海口龙华区海德路店
760097,杭州市绍兴越城区解放南路店
720003,上海闵行区金平路店
760064,杭州市拱墅区德胜巷店
831021,太原万柏林区智诚御河店
0294,深圳南山区城市山林店
700132,武汉汉阳区龙阳一号店
720270,上海浦东新区益江路店
760094,杭州市上城区江城路店
1050,广州番禺区锦绣生态园店
1098,广州白云区白云尚城店
750039,郑州市金水区园田花园店
1273,清远清城区凤城世家店
720002,上海闵行区黄桦路店
5054,成都锦江区比华利国际城店
0410,深圳市福田区商会大厦店
740035,南昌莲塘镇玺园店
841024,徐州鼓楼区九里万科店
790012,重庆市渝北区天邻风景店
1211,佛山顺德区嘉信城市广场店
700109,武汉汉阳区万科国际店
730045,北京海淀区蜂鸟家园店
770192,南京市浦口区通宇林景雅苑店
0548,东莞石龙镇绿化中路店
0409,深圳市龙岗区万科紫悦山店
1238,江门蓬江区聚德小区店
730014,北京朝阳区后现代城店
760054,杭州市下城区孩儿巷店
720057,上海普陀区镇坪路店
0734,惠州市惠阳区海惠花园
1544,珠海市香洲区钰海山庄店
841007,徐州泉山区枫林绿洲店
770145,南京市建邺区金穗花园店
851033,南宁市西乡塘区台湾街花莲府店
790075,重庆市沙坪坝区风华大厦店
cs003,测试03店
3026,海口琼山区建国路店
5127,成都市龙泉驿区恒大绿洲店
720246,上海嘉定区安亭新源路2店
1234,中山石岐区华力路店
780040,宁波市江东区园丁小区店
5080,成都天府新区南湖国际社区2店
201009,河源市源城区旺源路店
0110,深圳龙岗区坂田店
851006,南宁市兴宁区瀚林美筑店
3043,三亚吉阳区商品街1店
790001,重庆市九龙坡区奥园康城店
1199,广州越秀区淘金家园店
1141,佛山三水区潮立方店
730112,北京市丰台区靛厂路店
1334,广州增城区荔园西路店
710121,无锡惠山区天一城店
750076,郑州市管城区美林河畔店 
720232,上海普陀区新村路店
0004,深圳福田区景田店
740093,丰城市梦祥路店
710103,苏州工业园区太阳星辰花园店
1174,佛山顺德区金碧新城店
1159,广州天河区羊城花园店
790046,重庆市大渡口区天辰华府店
5068,成都武侯区丽都花园店
720011,上海普陀区星河世纪城店
720072,上海闵行区虹井路店
5038,成都青羊区中大君悦金沙店
710003,苏州姑苏区福星新城店
710129,苏州姑苏区万达广场2店
1317,中山火炬开发区港城花园店
5137,成都市青羊区证大正府店
0709,惠州惠城区荷兰水乡店
700144,武汉硚口区利济北路店
750032,郑州市郑东新区永威东棠店
760087,杭州市江干区环丁路2店
770125,南京市秦淮区良城美景店
1300,江门新会区知政南路店
4058,东阳市亭塘店
710105,苏州工业园区夏园新村店
811018,青岛市市北区保利百合花园店
720243,上海嘉定区安亭昌吉路店
0560,东莞大朗镇松佛路店
881903,北京市朝阳区果多美甘露园店
881917,北京市东城区果多美磁器口店
0469,深圳市南山区阳光玫瑰园店
750063,郑州市管城区康城棕榈泉店
700008,武汉洪山区金地中心城店
770098,马鞍山市花山区明都财富广场店
760108,杭州市上城区复兴南苑店
1262,中山港口镇芊翠家园店
760081,杭州市萧山区育才路店
780073,宁波市江东区甬港南路店
0464,深圳市盐田区山海四季城店
803066,合肥市包河区望湖城紫桂苑店
770055,南京建邺区云河湾店
700235,武汉市汉阳区米兰苑店
851003,南宁市江南区龙光普罗旺斯店
740078,九江市濂溪区中辉世纪城店
1235,广州花都区豪俊名苑店
881015,北京市海淀区果多美花园路店
881075,北京丰台区果多美西罗园店
720111,上海浦东新区建中路店
790065,重庆市沙坪坝区渝碚路店
770110,南京市浦口区香邑美颂店
851017,南宁市江南区锦绣江南店
0628,东莞市常平镇万科城店
6065,漳州市芗城区文华园店
4057,东阳市双岘路店
0487,深圳市龙华区中海锦城店
750055,郑州市二七区澳丽名苑店
0714,惠州惠城区东江学府店
1215,广州增城区锦绣新天地店
700073,武汉洪山区关山春晓店
801001,鲜果吧客深圳福田区京基滨河时代店
700277,武汉市青山区印象城店
1582,佛山市顺德区甲子路店
1277,广州天河区汇景新城店
0073,深圳龙岗区布吉莲花1店
710099,无锡市梁溪区五爱路店
0462,深圳市福田区石厦东村店
0063,深圳宝安区天悦龙庭店
0040,深圳宝安区富通天骏店
700237,武汉市汉阳区万科国际2店
710111,无锡惠山区金岸世家店
1132,广州萝岗区宏光路店
700062,武汉东湖高新区中建康城店
700020,武汉武昌区万达公馆店
770109,南京市玄武区南理工三号门店
700267,咸宁市嘉鱼县新天地店
1352,广州荔湾区东漖北路2店
750094,郑州市高新区公园道1号店
0006,深圳罗湖区海富花园店
1423,珠海香洲区五洲康城店
700270,武汉市洪山区福星东湖城店 
1291,珠海香洲区好望角花园店
790005,重庆市渝北区长安锦绣城店
1414,广州白云区金域蓝湾店
700164,武汉市武昌区东湖国际2店
700113,武汉硚口区爵世嘉园店
730039,北京东城区富贵园店
770076,南京市雨花台区阅城国际城店
0483,深圳市宝安区第五大道店
831034,太原小店区文锦世家店
mdcs1,门店测试1
1598,广州市增城区新塘保利东江首府店
5075,成都成华区招商雍华府店
0385,深圳市龙岗区龙城中央店 
0368,深圳市福田区华强花园一体仓店
1368,广州萝岗区春晖四街店
803070,合肥市包河区东方蓝海店
730073,北京朝阳区建国里店
750042,郑州市中原区正商明钻店
6056,厦门市思明区屿后路店
1378,广州越秀区华乐路店
760073,杭州市江干区保利梧桐语店
790080,重庆市渝北区保利香槟花园店
1453,佛山市南海区万达广场店
770155,马鞍山市花山区东方城二期店
803025,合肥市庐阳区四季华庭店
4053,金华市婺城区解放西路店
780059,宁波市镇海区碧水莲晴店
821029,昆明市盘龙区溪畔丽景店
4068,金华市婺城区丹溪路店
0496,深圳市福田区中银花园店
1102,佛山顺德区湖畔湾花园店
cs002,测试02店
0463,深圳市南山区蛇口新街店
6045,厦门湖里区金山店
720151,上海长宁区天山西路店
1173,广州花都区商业大道店
710020,苏州高新区美之苑店
1571,佛山市南海区恒大御景半岛店
1161,广州白云区祥景花园店
0549,东莞寮步镇中央公馆店
750035,郑州市金水区升龙凤凰城店
1178,佛山顺德区云良路店
720035,上海宝山区菊联路店
5058,成都高新区香榭国际店
700192,武汉市江夏区保利清能西海岸店
700014,武汉硚口区汉口春天店
770160,南京市建邺区海峡城第二街区店
770112,南京市栖霞区恒大雅苑店
803002,合肥市庐阳区元一滨水城店
5011,成都高新区衣冠庙店
750031,郑州市金水区银基王朝店
0425,深圳市宝安区联投东方店
700199,武汉市硚口区集贤花园店
770057,南京秦淮区雅居乐店
740081,南昌市南昌县芳草路店
0082,百乐汇店中店
5012,成都武侯区桐梓林店
5037,成都青羊区金鹏街店
5123,成都市绵阳市涪城区美立方店
1559,佛山市顺德区保利中环店
750085,郑州金水区清华紫光苑店
0103,深圳龙岗区万科城店
0119,深圳宝安区富士康2店
0351,深圳市宝安区裕安二路店
803012,合肥市庐阳区南国花园店
720254,上海浦东新区三舒路店
720267,上海浦东新区东波路店
700216,武汉市东西湖区轻工大学店
700180,武汉市江岸区金桥世家店
1097,广州荔湾区荔港南湾2店
811029,青岛市市北区繁华里店
1035,广州天河区美林湖畔店
760053,杭州市余杭区亲亲家园店
1409,珠海香洲区南湾国际店
720235,上海普陀区曹杨路店
750064,郑州市金水区大河春天店
0225,深圳南山区新德家园店
803040,合肥市蜀山区信旺华府骏苑洪岗路店
3087,琼海市东风路店
710152,南通市港闸区永扬路店
0269,深圳南山区松坪花园店
0257,深圳龙华新区优品建筑店
0820,汕头市潮阳区兰竹苑店
700044,武汉江汉区凤凰城店
5095,成都市武侯区保利中心店
720223,上海浦东新区清溪路店
770015,南京栖霞区丁家庄燕升园店
4055,永康市丽州北路店
710154,昆山市千灯镇景唐北路店
790087,重庆市合川区海润国际店 
700198,武汉市硚口区雍豪府店
803084,芜湖市弋江区金域蓝湾店
1301,广州番禺区金山谷店
1085,广州海珠区翠城花园店
730054,北京朝阳区双花园南里店
770177,南京市浦口区中海万锦熙岸店
803086,芜湖市弋江区中央城店
720117,上海徐汇区南丹东路店
0018,深圳宝安区三联路店
1583,开平市曙光东路店
0102,深圳宝安区民治塘水店
0536,东莞石龙镇中央豪门店
0615,东莞市东城区东泰3店
3017,海口美兰区时代家园店
720020,上海闵行区疏影路店
770116,马鞍山市花山区龙灿绿洲花园店
750075,郑州市二七区康复前街店 
720222,上海闵行区永德路店
720015,上海普陀区祥和名邸店
0155,深圳龙岗区康达尔花园店
0259,深圳平湖新区隔镇东路店
3061,海口市龙华区民声东路店
831002,太原市迎泽区双塔街郦苑店
3110,海口市秀英区远大店
821036,昆明市官渡区银海畅园店
1026,广州白云区富力城店
730088,北京市朝阳区杨闸环岛店
710146,苏州相城区中恒广场店
700024,武汉江岸区东方华府店
700242,信阳市浉河区西亚合美店
780056,宁波市镇海区鼓西店
770026,南京江宁区高尔夫国际花园店
202006,梅州市兴宁市兴东路店
720206,上海徐汇区罗香路店
1125,广州越秀区大沙头三马路店
0647,东莞市桥头镇宏达路店
790047,重庆市渝北区兴馨嘉园店
4038,义乌兴中店
0310,深圳罗湖区碧波花园店
6046,泉州洛江区安泰路店
811028,青岛市李沧区保利中央公园店
1213,佛山顺德区丹桂路店
710078,苏州吴江区油车路店
860012,福州市晋安区泰禾广场店
1331,肇庆端州区华英新城店
720216,上海市闵行区古美西路2店
790101,重庆市沙坪坝区布克公馆店
0039,深圳福田区莲花一村店
0649,东莞市凤岗镇翠湖豪苑店
730100,北京市丰台区名都家苑店
4025,义乌香港城店
5044,成都成华区首创国际城店
740004,南昌青山湖区恒茂国际店
780065,宁波市海曙区奥特莱斯店
790070,重庆市巴南区丽都锦城店
0309,鲜果吧客深圳宝安区桃源居店
720227,上海浦东新区庆荣路店
1607,广州市黄埔区科城山庄店
3083,三亚市天涯区金鸡岭路店
790110,重庆市沙坪坝区南开店
720218,上海普陀区雪松路2店
1408,中山火炬开发区翠岭路店
881017,北京市朝阳区果多美立水桥店
710031,苏州昆山市黄河路店
720260,上海宝山区龙镇路店
770080,马鞍山市花山区西湖花园店
0456,深圳市南山区侨北二街店
0050,深圳福田区福源店
881023,北京市东城区果多美和平里西街店
0367,深圳市龙岗区罗岗路店
770061,南京市浦口区旭日弘阳广场店
831012,太原市万柏林区千峰南路西岸店
750080,郑州市金水区广汇PAMA店 
790149,重庆市两江新区融科金湖湾店
740022,南昌南昌县平安象湖风情店
770211,南京市鼓楼区苏宁情缘店
730148,北京市朝阳区望京商业街前置仓店
720301,上海虹口区武进路店 
700131,武汉江岸区金色华府店
780082,宁波市海曙区蓝天路店
780034,宁波市北仑区横河路店
5091,成都市青羊区玉宇路店
1070,广州越秀区麓景路店
1386,佛山顺德区碧桂园店
700013,武汉硚口区紫润明园店
700293,武汉市江汉区汉正国际中心店
750128,郑州市金水区金林公馆店
1036,广州海珠区滨嘉仕花园店
730063,北京东城区新怡家园店
0262,深圳龙华新区金域华府店
1619,珠海市香洲区格力广场店
770227,南京市鼓楼区世茂滨江新城店
0290,深圳龙华新区百佳华店
4015,金华婺城区三江街道新农贸店
1064,广州天河区华景新城2店
5026,成都成华区建业路店
1081,广州海珠区大江苑店
5053,成都金牛区西岸观邸店
851018,南宁市青秀区凤岭名园店
881806,北京市西城区果多美天桥北里店
0178,深圳宝安区鸿景园店
770034,南京建邺区万达广场东坊店
0588,东莞厚街镇万科生活广场店
730010,北京朝阳区金港国际店
790094,重庆市渝北区融创御锦店
720314,上海宝山区共和新路店
740056,九江市武宁县武宁宾馆店
0289,深圳龙华新区观澜格兰郡2店
1155,广州花都区大华一路店
700233,武汉市东西湖区怡华天地店
0434,深圳市宝安区后瑞华庭店
803063,合肥市包河区智慧公馆店
0313,深圳龙华新区花半里店
881058,北京市朝阳区果多美平安国际金融中心店
790069,重庆市九龙坡区春风与湖店
881904,北京市大兴区果多美西红门店
821001,昆明市五华区美璟欣城店
208008, 深圳市大鹏新区佳兆业广场店
750068,郑州市管城区富田太阳城店
720138,上海徐汇区龙兆苑店
770165,南京市六合区长江新苑店
881051,北京市西城区果多美广安门南店
0729,惠州市惠阳区锦江钻石店
770079,马鞍山市花山区康城花园店
881202,上海市宝山区果多美聚丰园路店
1033,佛山禅城区丽日玫瑰园店
4048,永康南苑路店
1406,广州番禺区丽江花园2店
770186,镇江市京口区南门外大街店
1268,佛山南海区骏景湾店
1013,广州海珠区保利百合花园店
770197,南京市浦口区仁锦苑店
790035,重庆市南岸区万达广场店
6070,厦门市集美区泉水湾店
760001,杭州富阳区市心路店
770191,南京市六合区华城名府店
720310,上海闵行区龙茗路店
1483,中山市黄圃镇蓝天金地店
1634,佛山市三水区保利中央公园店
5136,成都市温江区洲际亚洲湾店
700254,武汉市洪山区长城嘉苑店 
770168,南京市江宁区康博花园店
803001,合肥市庐阳区橡树湾店
0390,深圳市宝安区流塘阳光店
700226,武汉市武昌区万科金域华府店
720160,上海长宁区茅台路店
1430,广州番禺区亚运城店
0520,东莞南城区活力康城店
1046,广州番禺区南国奥园店
0382,深圳市龙华新区幸福城店
1144,广州海珠区南洲北路店
700154,武汉市武昌区绿地国际店
831015,太原市小店区体育路锦绣苑店
770041,南京浦口区天润城第五街区店
0356,深圳市福田区嘉洲富苑店
0513,东莞东城区菊香苑店
790123,重庆市渝北区奥园二期店
6075,厦门市思明区仙阁里店
720165,上海闸北区洛川东路店
770173,镇江市大港新区赵声路店
6017,厦门市思明区碧山临海店
720021,上海浦东新区临沂路店
740080,九江市经济开发区柴桑春天店
803075,合肥市滨湖区中海湖滨公馆店
770179,南京市江宁区保利中央公园店
770226,南京市玄武区樱海公寓店
803017,合肥市瑶海区家天下怡园店
740006,南昌红谷滩新区万达星城店
0451,深圳市福田区八卦一店
1512,珠海市香洲区联浩花园店
3077,海口市秀英区金鼎路店
0125,深圳盐田区海山路店
1447,广州市越秀区德政中路店
770104,南京市江宁区东郊小镇七街区店
700188,武汉市江岸区三元中央公园店
0660,东莞市松山湖华为溪村公寓店
740009,南昌西湖区系马桩店
803018,合肥市蜀山区大溪地天润轩店
0074,深圳南山区现代城店
1308,佛山三水区恒福广场店
760060,杭州市江干区三里亭路店
0100,深圳罗湖区莲塘名骏店
740059,南昌市老福山店
750101,郑州市二七区升龙城店
760020,杭州江干区天城路店
720226,上海徐汇区钦州北路店
770142,南京市建邺区万科金色家园店
881056,北京市丰台区果多美正阳桥北店
710102,苏州昆山市金澄路店
780039,宁波市鄞州区永泰花园店
1294,珠海香洲区富康花园店
720054,上海闵行区疏影路2店
0435,深圳市福田区振华店
750077,郑州市中原区中原万达店 
770038,南京江宁区太平花苑店
5024,成都成华区阳光四季店
0726,惠州市惠城区金宝创业花园店
710064,无锡南长区瑞星家园店
720095,上海松江区沪亭北路3店
780064,宁波市江东区波波城店
720129,上海浦东新区金杨路2店
851023,南宁市青秀区山水美地店
720170,上海宝山区水产西路店
740073,上饶市信州区三清城店
0517,东莞樟木头镇新兴街店
710057,无锡惠山区绿地世纪城店
0739,惠州市博罗县中园五路店
1162,佛山南海区康怡花园店
700077,武汉汉阳区锦绣长江店
790022,重庆市南岸区上海城店
770048,南京江宁区瀛洲湾花园店
790030,重庆市沙坪坝区大城小爱店
3049,三亚吉阳区商品街一巷店
1569,中山市三乡镇雅居乐塞纳湖店
0398,深圳市福田区宝能公馆店
0197,深圳罗湖区向西村店
881082,北京市密云区果多美密云权金城店
700141,武汉洪山区绿汀雅境店
0277,深圳龙岗区中海怡翠山庄店
720099,上海徐汇区宛平南路店
0594,东莞市南城景湖荣郡店
1250,中山东区名门花园店
720044,上海黄浦区制造局路店
770138,南京市鼓楼区虎踞关路店
1232,中山石岐区永怡花园店
0301,深圳龙岗区世纪华夏店
0642,东莞市长安镇富山居店
700269,武汉市洪山区名湖豪庭店 
0188,深圳福田区水围村店
881918,北京市房山区果多美加州水郡店
740083,南昌市高新区恒大帝景店
5104,成都市郫都区中信未来城店
0166,深圳盐田区鹏湾一村店
0007,深圳龙岗区四季花城店
0430,深圳市宝安区石岩羊台苑店
1018,广州海珠区锦绣星城店
1439,广州南沙区万达金街店
1230,江门新会区新会碧桂园店
4013,金华婺城区新世纪花园店
780017,宁波江东区中山路店
1436,广州天河区龙口东路3店
5146,乐山市市中区瑞松中心城店
710048,苏州高新区何山路店
700259,鄂州市鄂城区洋澜店
0235,深圳龙岗区南岭村店
730001,北京朝阳区融科橄榄城店
720181,上海奉贤区环城东路2店
0604,东莞市东城区东城南路店
0449,深圳市福田区皇岗新村店
1446,广州市番禺区吉祥道店
1633,开平市东汇城店
700004,武汉武昌区地球村店
0533,东莞虎门镇新泰路店
0175,深圳南山区鸿瑞花园2店
720068,上海松江区沪亭北路2店
0740,惠州市惠城区横江三路店
1580,肇庆市端州区锦绣莱茵店
1546,广州市花都区京仕广场店
740067,南昌市高新区五湖国际广场店
750096,郑州市金水区国贸360店
3012,海口龙华区海垦路1店
720168,上海杨浦区尚发嘉苑店
760045,杭州市江干区金堡街2店
3090,琼海市元亨街2店
700257,鄂州市鄂城区华堂景苑店
1618,佛山市南海区紫悦明都店
1218,广州荔湾区富力环市西苑店
1480,珠海市香洲区华发新城店
1361,广州海珠区江燕路店
0088,深圳宝安区观澜格澜郡店
803030,合肥市庐阳区上城国际玫瑰苑店
0019,深圳宝安区深业新岸线店
780011,宁波海曙区西河路店
3098,海南儋州市望海国际花园店
1594,佛山市顺德区碧乐时光店 
821021,昆明市盘龙区云南印象店
760007,杭州下城区刀茅巷店
0104,深圳南山区缤纷年华店
821006,昆明市官渡区世纪城茗春苑店
1222,广州番禺区奥园广场店
6085,厦门市湖里区芙蓉苑店
0666,东莞市塘厦镇中信凯旋城店
720014,上海浦东新区万邦都市花园店
770033,南京江宁区南方花园店
710149,无锡新吴区太湖花园店
3075,三亚市天涯区外贸2路
6021,厦门海沧区滨海阳光店
780035,宁波市江东区兰亭绿源2店
1592,中山市横栏镇远洋启宸店
841023,徐州泉山区锦绣年华店
790106,重庆市沙坪坝区沙坪公园店
760120,杭州市西湖区西溪里店
770090,镇江市丹徒区永裕家园店
710019,苏州工业园区沁苑邻里中心店
0470,深圳市龙华区壹方天地店
6012,厦门海沧区未来海岸店
0030,深圳福田区碧海云天店
811001,青岛市市南区闽江苑店
5059,成都双流县宏达世纪锦城2店
0621,东莞市东城区中信凯旋城店
5131,成都市温江区中铁丽景书香店
881911,北京市丰台区果多美角门东里店
1067,广州天河区海安路店
6026,厦门集美区金域华府店
700082,武汉武昌区城市印象店
1576,珠海市斗门区时代倾城店
750019,郑州金水区鑫苑名家店
1509,中山市古镇镇六坊花园店
730030,北京丰台区珠江峰景店
750117,郑州市二七区御景台店
203005,普宁市流沙万泰城店
780010,宁波江北区恒一广场店
1206,佛山顺德区大成花园店
760022,杭州西湖区文三西路店
760091,杭州市绍兴越城区育贤东路店
700136,武汉江岸区上东汇店
770017,南京鼓楼区环宇城店
0651,东莞市松山湖玉华小区店
790031,重庆市渝北区融科城店
700017,武汉洪山区万科魅力城店
841012,徐州泉山区海峡东南郡店
710046,无锡滨湖区奕淳公寓店
803099,合肥市滨湖区万科城店
790097,重庆市九龙坡区奥园盘龙壹号店
700100,武汉江岸区永清路店
0655,东莞市寮步镇中惠悦城店
1065,广州黄埔区黄埔花园店
881077,北京市东城区果多美景泰地铁站店
700080,武汉青山区新安小区店
730040,北京西城区清芷园店
790147,重庆市大渡口区中房店
720062,上海松江区蔷薇九里店
780083,宁波市北仑人民南路店
1456,佛山市南海区千灯湖花园店
870007,西安市雁塔区融侨馨苑店
790008,重庆市江北区金科十年店
700125,武汉汉阳区和昌都汇华府店
780044,宁波市北仑区新大路店
750059,郑州市二七区海悦雅居店
720300,上海闵行区浦驰路2店
700058,武汉江汉区天梨豪园店
720108,上海宝山区三花现代城店
0521,东莞南城区希尔顿广场店
720295,上海徐汇区上中西路店
1143,佛山南海区时代倾城店
3070,海口市琼山区大园路店
740058,南昌市西湖区云锦苑店
790143,重庆市渝北区香山花园店
1305,珠海香洲区海湾花园店
0585,东莞东城区愉景花园店
770020,南京江宁区万科金域蓝湾店
0023,深圳南山区招商海月店
3054,海口市海甸岛四东路店
1272,广州越秀区淘金北路店
1417,中山古镇镇富兴路店
831039,太原迎泽区山大一院店
780003,宁波鄞州区盛世天城店
1223,佛山顺德区景汇名都店
700026,武汉武昌区静安上城店
5013,成都成华区西林路店
740011,南昌红谷滩新区香域尚城店
720264,上海宝山区共富路店
710124,苏州昆山市花集路店
5002,成都武侯区龙祥路店
0393,深圳市南山区泛海拉菲店
1059,广州越秀区桂花岗店
1420,鲜果吧客广州增城区凤凰城店
803055,合肥市高新区祥源城店
1224,佛山南海区时代广场店
730119,北京市海淀区和泓四季店
811027,青岛市崂山区青大附医崂山院区店
0522,东莞万江区江滨花园店
710160,无锡梁溪区阳光直街店
0151,深圳龙岗区万科红店
710067,无锡惠山区春满园店
760021,杭州xxxx店
750110,郑州市金水区圣菲城店
710033,苏州昆山市阳光昆城店
1384,清远清城区天湖郦都店
1487,广州市越秀区五羊新城店
0593,东莞塘夏金地仟百汇
870005,西安市雁塔区紫郡长安店
881801,北京市朝阳区果多美管庄店
710145,苏州姑苏区白塔东路店
1048,广州白云区松柏东街店
1139,广州白云区云山诗意2店
770089,南京市秦淮区汇景家园店
0350,深圳市宝安区宝石南路店
841001,徐州云龙区万达广场店
1153,佛山禅城区海景蓝湾店
700220,武汉市洪山区花样年华店
881019,北京市西城区果多美三里河店
0589,东莞凤岗镇水岸豪门店
770228,南京市秦淮区乔虹苑店
780085,宁波市鄞州区学府1号店
770060,南京市栖霞区丁家庄燕舞园店
790050,重庆市沙坪坝区金象左右店
700168,武汉市洪山区保利时代店
1623,阳江市江城区鸳鸯湖店
1136,广州天河区旭景家园店
821011,昆明市高新区经典双城店
790088,重庆市合川区都市花园店
700245,武汉市青山区美地家园店
770039,南京浦口区天润城十六街区店
790058,重庆市沙坪坝区华宇秋水长天店
740095,德兴市财富广场店
700221,武汉市洪山区蓝晶绿洲店
770121,南京市建邺区南湖东路店
1502,广州市海珠区金雅苑店 
790091,重庆市大渡口区东海阿特豪斯店
770185,马鞍山市雨山区深业华府店
3010,海口美兰区南宝路店
1552,湛江市霞山区海静小区店
710035,苏州昆山市江南春天花园店
0076,深圳福田区翰岭苑店
803020,合肥市庐阳区中铁国际城德园店
700090,武汉东西湖区常青花园店
710072,无锡南长区五星家园店
831036,太原小店区恒大绿洲东区店
0275,深圳龙岗区振业天峦店
770126,南京市六合区长河郡店
0359,深圳市南山区万豪广场店
790111,重庆市沙坪坝区都市花园店
770150,南京市玄武区成贤街店
1207,广州天河区军体院店
0165,深圳龙岗区可园2店
1429,广州天河区乐意居花园店
1007,广州白云区高尔夫花园店
831027,太原小店区许东路店
9940,建昇大厦店
710137,苏州姑苏区中海玉景湾店 
0322,深圳市龙岗区万科麓城店
881083,北京市朝阳区果多美管庄科技大学店
720127,上海闵行区莘建路店
790073,重庆市南岸区中冶林荫大道店
1274,清远清城区万基金海湾店
0022,深圳南山区西海湾店
1577,广州市荔湾区保利公园九里店 
4047,义乌义驾山2店
1525,珠海市金湾区时代山湖海店
5117,成都市高新区建发天府鹭洲店
740039,南昌市高新区恒大名都店
1415,广州白云区岭南新世界3店
3099,海南儋州市怡心花园店
700063,武汉市江汉区万松园路店
700126,武汉东西湖区常青花园2店
881045,北京市朝阳区果多美延静里店
4012,金华婺城区保集半岛店
1402,广州番禺区尚东尚筑店
0595,东莞市大岭山镇凯东中央店
4009,金华婺城区胜利街店
750060,郑州市惠济区三全路裕华美辰店
700114,武汉江夏区育龙湾店
770232,南京市鼓楼区新民路五所村店
0139,深圳龙岗区中海康城店
4010,金华婺城区青年路店
760068,杭州市西湖区文三西路2店
6018,厦门市海沧区旭日海湾店
780015,宁波江东区华严街店
811032,青岛市城阳区时光里店
0750,惠州市惠城区中锴华章店
750136,郑州市金水区金水万达店
0011,深圳福田区沙嘴店
760009,杭州拱墅区水清苑店
0646,东莞市东城新世纪豪园第一居店
0203,深圳南山区南光路店
0147,深圳宝安区桃源居5店
710079,苏州昆山市世茂广场店
790020,重庆市渝中区万科锦程店 
740016,南昌红谷滩新区地中海阳光店
0717,惠州惠城区城市花园店
201008,河源市源城区永和西路店
0366,深圳市罗湖区螺岭店
770004,南京秦淮区紫金明珠店
881068,河北省三河市果多美燕郊丽景店
202004,梅州市梅江区彬芳大道店
700183,武汉市洪山区米兰映象店
780087,宁波市北仑区高凤路店
780076,宁波市北仑区蓝山广场店
851028,南宁市兴宁区时代茗城店
821037,昆明市官渡区世纪城2店
803065,合肥市蜀山区博威香山丽舍店
790023,重庆市江北区半山华府店
740106,丰城市华润万家店
790009,重庆市南岸区贝迪新城店
0312,深圳龙华新区水榭春天2店
710018,苏州姑苏区万达广场店
750027,郑州市金水区人民路店
1038,广州海珠区革新路店
811024,青岛市崂山区大拇指广场店
841021,徐州鼓楼区老营盘店
790136,重庆市渝北区金龙路店
0584,东莞虎门镇丰泰东海城堡店
1260,广州番禺区锦绣半岛店
0504,东莞南城区世纪城店
821034,昆明市五华区创意英国店
1066,广州天河区骏景2店
0402,深圳市龙华区龙华公寓店
770022,南京栖霞区高科荣域店
803050,合肥市经开区港澳花园店
720076,上海浦东新区锦绣华城店
851019,南宁市江南区金康天和人家店
700025,武汉江汉区常青南园店
1591,江门市蓬江区上城骏园店
0285,深圳宝安区前进一路店
3004,海南三亚凤凰机场店
790014,重庆市九龙坡区华润二十四城二店
750103,郑州市郑东新区祭城店
831045,太原市万柏林区文兴苑店
700086,武汉江汉区汉口花园店
0066,深圳龙岗区可园1店
0663,东莞市樟木头镇香樟1号店
0632,东莞市塘厦镇花园街店
881002,北京市丰台区果多美看丹桥店
790077,重庆市南岸区国际社区4店
0010,深圳罗湖区松泉山庄店
3058,海口市龙华区金贸西路2店
700059,武汉武昌区百瑞景店
0654,东莞市石排镇公园南路店
881037,北京市海淀区果多美白石桥南店
881059,北京市海淀区果多美北太平桥店
1404,肇庆端州区体育中心店
1251,广州番禺区金沙湾花园店
1369,广州花都区保利花城店
710133,苏州姑苏区竹辉路店
803007,合肥市瑶海区惠园大厦店
0432,深圳市龙华区锦绣御园店
1560,肇庆市四会市翡翠雅苑店
1288,清远清新区康怡新城店
700211,武汉市武昌区德成中心店
5005,成都高新区紫荆店
811026,青岛市市北区凯景广场店
0108,深圳宝安区春华四季园店
730117,北京市大兴区兴华园店
0640,东莞市东坑镇碧桂园店 
3018,海口秀英区丽晶店
750067,郑州市中原区碧沙岗店 
710161,苏州昆山市国际艺术村店
803046,合肥市经开区一里洋房店
4071,义乌市星火店
5061,成都双流县鸿阁一号店
0247,深圳盐田区山海家园店
0512,东莞东城区东泰花园2店
700281,武汉市汉阳区纽宾凯国际店
0480,深圳市龙岗区卓宏高尔夫店
4036,金华婺城区中村2店
700035,武汉东西湖区沿海赛洛城店
750038,郑州市金水区太极公馆店
720051,上海浦东新区台儿庄路店
720169,上海闸北区慧芝湖花园店
0378,深圳市龙华区懿花园店
1388,广州花都区龙珠路店
720041,上海松江区保利西子湾店
4021,义乌稠州中路店
0015,深圳福田区金地店
1356,佛山南海区南海碧桂园店
790113,重庆市南岸区融侨城店
720233,上海浦东新区南泉北路店
6049,泉州市丰泽区金帝商厦店
0029,深圳福田区中信广场店
740005,南昌青云谱区象湖威尼斯店
803098,芜湖市镜湖区翠铂湾店
1313,珠海香洲区逸翠园店
720291,上海浦东新区孙桥路店
1470,广州市越秀区光孝路店 
710049,无锡北塘区盛德路店
720102,上海浦东新区浦三路店
5034,成都高新区神仙树北路店
750137,郑州市管城区阳光城店
0598,东莞市长安镇荣昌街店
811005,青岛市市北区普吉新区店
750102,郑州市金水区建业壹号城邦店
1194,广州番禺区华南碧桂园店
720296,上海宝山区殷高西路店
0038,深圳南山区缤纷店(停)
821012,昆明市盘龙区金色交响家园店
740065,南昌市新建区恒茂世纪花园店
310005,东莞市瓦克精密金属科技有限公司
860008,福州市晋安区香开新城店
770070,南京市江宁区湖滨公寓胜太路店
720305,上海静安区西康路2店
1154,广州越秀区东山大街店
1188,佛山顺德区新基二路店
700108,武汉硚口区体育馆店
770077,南京市六合区紫晶城店
4063,义乌市后成店
0707,惠州惠城区东湖五区店
750036,郑州市郑东新区建业如意家园店
0069,深圳宝安区民乐花园店
700231,武汉市江汉区都会轩店
1084,佛山顺德区盈翠园店
1593,清远市清城区海伦春天店
720033,上海浦东新区地杰国际城店
740044,南昌市西湖区系马桩大井头店
780054,宁波市海曙区青林湾2店
720087,上海浦东新区金杨路店
1421,佛山顺德区清晖路店
1170,广州海珠区赤岗路店
811016,青岛市青大附医黄岛院区店
851015,南宁市青秀区新竹路店
720185,上海徐汇区康健路店
700280,咸宁市嘉鱼县嘉和明园店
750072,郑州市中原区方圆经纬店 
710110,无锡新吴区瑞城花园店
720253,上海长宁区玉屏南路店
3032,海口美兰区大英路店
1568,广州市番禺区洛涛南区店 
710076,苏州昆山市同丰西路店
710128,苏州虎丘区永莲路店
851034,南宁市青秀区华凯逸悦豪庭店
710068,无锡恵山区新兴东路店
0613,东莞市中堂镇中新广场店
0622,东莞市塘厦镇观澜碧桂园店
0061,深圳南山区海滨店
770083,马鞍山市花山区康嘉大景城店
780012,宁波海曙区翠柏店
720005,上海闵行区颛盛路店
720084,上海嘉定区嘉怡路店
sjgrg,司机个人购
0527,东莞石龙镇聚豪华庭店
730067,北京市东城区瓷器口地铁站店
0217,深圳龙岗区愉园新村店
790007,重庆市南岸区金港尚城店
1040,广州海珠区第二金碧店
0215,深圳南山区蔚蓝海岸2店
710080,无锡北塘区金马国际店
0711,惠州惠城区雍逸园店
1316,广州花都区百合路店
700283,武汉市江岸区同安家园店
790090,重庆市大渡口区朵力品道店
770202,南京市建邺区欧洲城店
790086,重庆市渝北区象屿两江公元店 
760114,绍兴市越城区鲁迅东路店
3022,海口美兰区五指山2店
700045,武汉武昌区凯乐花园店
1180,佛山南海区江南名居店
1595,中山市东凤镇凤仪路店
770123,南京市浦口区海德北岸城店
770188,马鞍山雨山区雨顺佳园店
720060,上海普陀区石泉路店
720050,上海浦东新区环林东路店
750043,郑州金水区人民医院店
790138,重庆市渝北区两江时光店
1565,中山市南朗镇南岐中路店
720318,上海普陀区新村路2店
770095,镇江市京口区第一楼街店
841013,徐州云龙区美的广场店
770018,南京建邺区融侨中央花园店
803047,合肥市经开区翠微苑店
760121,杭州市西湖区竞舟路店
1110,广州增城区新康花园店
1122,广州番禺区康乐路店
1131,广州白云区汇侨新城3店
760004,杭州富阳区体育馆路店
0258,深圳龙岗区阳光第五季店
1519,佛山市南海区江浦东路店
730110,北京市西城区平安里地铁站店
0626,东莞市清溪镇盛和新都会店
881802,北京市昌平区果多美昌平鼓楼西街店
1466,广州市花都区雅居乐锦城店
750015,郑州二七区康桥金域上郡店
700117,武汉东湖高新区金地阳光城店
4023,义乌凯吉路店
720321,上海松江区金地自在城店
1359,广州萝岗区创业路店
881053,北京市丰台区果多美三环新城店
841020,徐州泉山区西雅园店
730145,北京市通州区八里桥店
0429,深圳市福田区桐林广场店
0645,东莞市东城黄旗山一号
770205,南京市雨花台区福润雅居店
881024,北京市丰台区果多美富丰桥店
821033,昆明市官渡区春城时光花园店
760032,杭州市西湖区益乐路店
750121,郑州市郑东新区郑东商业中心店
0315,深圳龙华新区万众城店
202013,梅州市丰顺县市政大道店
770107,南京市六合区盛棠苑店
0661,东莞市厚街镇世纪绿洲店
0818,汕头市龙湖区尚海阳光店
0213,深圳罗湖区聚宝路店
1467,中山市西区翠景华庭苑店 
1494,广州市白云区南湖半岛花园店
0370,深圳市宝安区金海路店
0744,惠州市惠城区隆生皇冠花园店
780053,宁波市镇海区骆兴家园店
1189,广州花都区迎宾大道店
740033,南昌南昌县九里象湖店
204001,汕尾市海丰县海银路店
720272,上海松江区中山东路店
0264,深圳宝安区阳光海店
310010,深圳市东方博雅科技有限公司
831020,太原万柏林区和平北路嘉怡店
1299,珠海香洲区兰埔路店
4008,金华婺城区城中花园店
1498,广州市天河区珠江新城珠光御景店
0516,东莞寮步镇万科高尔夫店
780075,宁波市江北区广厦怡庭店
803072,合肥市包河区和昌都汇华府店
750062,郑州二七区佛岗新居店
720182,上海浦东新区荷泽路2店
0482,深圳市龙岗区四季阳光店
750004,郑州金水区普罗旺世店
1323,珠海香洲区人民东路店
720100,上海普陀区华阴路店
0338,深圳市龙岗区万象天成店
881004,北京市果多美朝阳区劲松店
0518,东莞南城区江南雅筑店
803043,合肥市经济开区发区文锦新城店
1282,清远清城区美好居店
870002,西安市曲江新区中海凯旋门店
1186,广州花都区紫薇路店
5009,成都高新区肖家河店
700178,武汉市江岸区御璟世家店
700111,武汉东湖高新区森林小镇店
6003,厦门思明区汇丰家园店
710002,苏州吴中区湖岸名家店
750095,郑州市经开区亚太明珠店
0826,汕头市澄海区和翔花园店
811031,青岛市市北区浮山后二小区店
730007,北京朝阳区茉藜园店
720224,上海静安区平型关路2店
730095,北京海淀区西山国际城店
750047,郑州市郑东新区绿城百合店
720091,上海杨浦区长白新城店
750001,郑州金水区怡丰新都汇店
6047,厦门市同安区岳口小区店
770073,南京市浦口区明发滨江新城广场店
1336,中山石岐区岐关西路店
831042,太原小店区晋阳紫城店
700074,武汉江汉区浩海花园店
700110,武汉江汉区菱角湖路店
1621,茂名市茂南区嘉和苑店
790132,重庆市江北区洋河二村店
0296,深圳福田区福民路店
6053,泉州市晋江市万达广场店
0457,深圳市龙岗区星河时代店
0617,东莞市卧龙山花园店
790011,重庆市渝北区劲力五星城店
803080,合肥市瑶海区保利东郡律园店
720241,上海静安区宜川路2店
0105,深圳福田区上沙店
750127,郑州市中原区锦绣城店
0423,深圳市福田区阳光家园店
803011,合肥市庐阳区云滨花园店
700266,武汉市东湖高新区金地格林东郡2店
6063,厦门市海沧区未来橙堡店
770012,南京江宁区上元大街店
0392,深圳市龙岗区远洋新干线店
3100,海口市美兰区青年路店
700223,黄石市黄石港区四季花城店
4039,义乌商苑小区店
1363,中山古镇镇怡廷豪园店
770152,南京市栖霞区保利罗兰春天店
0720,惠州惠城区麦兴路店
803035,合肥市政务区天香苑店
1613,珠海市金湾区机场B区店
790015,重庆市南岸区骏逸蓝山店
0342,深圳市罗湖区鸿景翠峰店
1009,广州海珠区逸景翠园店
700246,信阳市浉河区万家灯火店
1204,广州花都区富力金港城店
720053,上海松江区通跃路店
0331,深圳市木棉湾店
750092,郑州市管城区橡树玫瑰城2店
0525,东莞东城区景湖春天花园店
710071,无锡锡山区东亭店
720097,上海浦东新区季景路店
700224,武汉市洪山区保利中央公馆2店
1115,广州海珠区滨江东路店
760092,杭州市江干区庆春东路店
821002,昆明市盘龙区滨江俊园店
1140,广州海珠区逸景翠园2店
720248,上海浦东新区高东新路店
700142,武汉汉阳区江藤苑店
710029,苏州昆山市英伦尊邸花园店
860005,福州市台江区海润滨江店
740104,南昌市青山湖区香溢花城店
1389,广州天河区龙口西路2店
0389,深圳市南山区科技园一体仓店
750052,郑州市中原区鑫苑都市公寓店
0049,深圳南山区明星店
0028,深圳宝安区东源阁店
700119,武汉江汉区穗丰花园店
720148,上海嘉定区民主东街店
860007,福州市台江区君临天下店
770233,南京市溧水区荣昌花园店
770218,南京市秦淮区三条巷店
860013,福州市晋安区岳峰路店
831032,太原小店区恒大华府店
740025,南昌西湖区二七南路店
780063,宁波市海曙区联丰路2店
1258,广州海珠区紫丹大街店
700289,武汉市东湖高新区万科嘉园店
760086,杭州市绍兴越城区东街店
0662,东莞市东城区星河传说店
770078,南京市浦口区天润城第七街区店
4046,永康高圳路店
1328,佛山顺德区都市玫瑰苑店
740028,南昌青云谱区洪都航空店
811025,青岛市崂山区银盛泰店
803100,合肥市滨湖区保利五月花湖南路店
770086,南京市浦口区天华硅谷店
780028,宁波海曙区翠柏2店
720212,上海浦东新区芳菲路店
790055,重庆市渝北区东和春天店
700120,武汉江岸区惠济路店
1524,佛山市南海区保利中央公馆店
750099,洛阳市洛龙区高尔夫花园店
0450,深圳市福田区皇庭世纪店
0065,深圳福田区宝田苑店
700069,武汉东湖高新区保利华都店
760089,杭州市绍兴柯桥区世纪星城店
730118,北京市通州区珠江逸景家园店
5039,成都青羊区蓝光coco蜜城店
0107,深圳龙岗区菁华园店
6040,厦门思明区万寿路店
750041,郑州市中原区王府壹号店
730075,北京市朝阳区鹿港嘉苑店
1468,佛山市南海区颐景园店
720110,上海闵行区大上海国际花园店
760095,杭州市绍兴柯桥区金色丽都店
851001,南宁市江南区波尔多庄园
1326,中山东区水云轩店
1584,广州市海珠区中海名都花园店 
730079,北京市西城区西四地铁站店
841015,徐州云龙区东华园小区店
0819,汕头市潮阳区锦华花园店
700278,武汉市江岸区万锦江城店
1118,佛山顺德区乐泰居店
6001,厦门湖里区联发新天地店
0801,汕头市金平区东夏北路店
6074,厦门市思明区建业路店
780005,宁波鄞州区新都美地店
803057,合肥市包河区滨湖春天店 
0586,东莞清溪镇鹿鸣路店
6002,厦门思明区富山花园店
0821,汕头市龙湖区阳光海岸店
740084,南昌市青云谱区天使水榭湾店
0361,深圳市光明新区正力时代广场店
5147,乐山市市中区翡翠国际君悦湾店
760027,杭州滨江区彩虹城店
841019,徐州云龙区民富园店
720245,上海闵行区浦晓路店
770069,镇江市润州区华都名城店
740109,上饶市旭日大市场店
700170,武汉市江岸区香港路店
700234,武汉市江汉区南国北都店
1281,广州海珠区泓景花园店
803079,合肥市经开区御景前城店
3053,海口市秀英区和谐路店
3068,琼海市德海路1店
0094,深圳宝安区龙泉花园店
1318,中山东区顺景花园店
720145,上海浦东新区幸福小镇店
1540,佛山市南海区保利西雅图店
1396,广州海珠区琶洲新村2店
740099,南昌市东湖区建德观街店
4034,金华婺城区五一路店
1645,中山市港口镇星港城市名都店
740013,南昌南昌县梦里水乡店
770028,南京秦淮区磊功巷店
700193,武汉市东西湖区丽景湾店
1574,广州市花都区雅居乐万科热橙花园店
0126,深圳福田区新闻路店
1346,中山三乡镇雅居乐新城店
700112,武汉东湖高新区俊贤雅居店
881919,北京市海淀区天秀路店
1089,广州天河区黄村西路店
szyb,深圳友宝
780018,宁波江东区华侨城店
0552,东莞大朗镇新世纪明上居店
760078,杭州市滨江区白马湖凤凰苑店
740088,九江市浔阳区阳光国际店
740048,南昌市青山湖区江大南路店
831033,太原小店区亲贤北街店
1152,佛山禅城区红棉雅苑店
790043,重庆市南岸区金辉花样派店
720167,上海松江区奥林匹克店
760066,杭州市西湖区星艺街店
790118,重庆市南岸区骏逸蓝山2店
720069,上海浦东新区证大家园店
750073,郑州市中原区岗坡阳光新城店 
5113,成都市高新区领馆国际城店
3082,海口市美兰区兴丹路店
821009,昆明市西山区佳湖花园店
1644,中山市小榄镇北秀路店
750087,郑州市金水区开祥御龙城店 
1610,广州市越秀区珠光路店
881067,北京市西城区果多美新街口店
770122,南京市江宁区翠屏国际城店
0444,深圳市宝安区碧海湾店
770008,南京栖霞区马群新街店
720022,上海宝山区宝宸怡景园店
760016,杭州江干区和谐嘉园店
710100,苏州高新区新升新苑店
770068,南京市浦口区万江共和新城店
1454,佛山市顺德区骏景花园店
5018,成都青羊区清江西路店
821022,昆明市五华区远洋风景店
881062,北京市西城区果多美赵登禹路店
881909,北京市昌平区九台路店
700213,武汉市高新区格林东郡店
730002,北京朝阳区望京西园店
821031,昆明市高新区春城慧谷店
780002,宁波江东区大步街店
1465,广州市越秀区惠福西路店
700151,武汉洪山区张家湾店
770081,马鞍山市花山区汇成上东店
811011,青岛市市北区台柳路凯德广场店
1362,江门蓬江区骏景湾豪庭店
730096,北京市朝阳区康营家园店
770208,南京市秦淮区保利堂悦店
720120,上海长宁区古北路店
750048,郑州市管城区鸿鑫佳苑店
3033,海口美兰区蓝天路店
803073,合肥市包河区地矿家园店
1160,佛山顺德区康富花园店
790029,重庆市南岸区康德国会山店
4032,义乌绣湖店
310015,胡堪享(深圳)
770043,南京浦口区明发滨江南区店
760100,杭州市江干区九阳天筑店
750126,郑州市二七区人和家苑店
790053,重庆市渝北区锦园佳居店
841005,徐州云龙区绿地世纪城店
4065,东阳东门店
0454,深圳市龙岗区瑞泽佳园店
760034,杭州市下城区新华路店
1461,珠海市香洲区山场路店
770196,南京市玄武区营苑北路祥和店
1043,广州黄埔区怡港花园店(测试）
0478,深圳市南山区金钟大厦店
760028,杭州江干区天运花园店
720204,上海浦东新区博山东路2店
720306,上海市浦东新区杨南路店
1330,肇庆端州区工农南路店
0118,深圳南山区鸿瑞花园店
730097,北京市大兴区小康家园店
881804,北京市昌平区果多美天通苑西三区店
700096,武汉硚口区江山如画店
860002,福州市仓山区美域店
1017,广州海珠区金碧花园店
0271,深圳宝安区沙井大街店
1479,佛山市南海区金雅轩店
6084,泉州市石狮市八七路店
6068,厦门市集美区中央海岸店
881054,北京市朝阳区果多美财满街店
1296,江门新会区中心南路店
700296,武汉市江汉区万科汉口传奇店
750011,郑州郑东新区五星花苑店
710106,苏州昆山市樾河北路店
700049,武汉东湖高新区锦绣龙城店
790010,重庆市南岸区回龙湾店
740077,上饶市信州区庆丰路店
0737,惠州市大亚湾德州城店
750074,郑州市金水区君悦城店 
1488,佛山市南海区雅居乐2店
730133,天津市南开区时代奥城店
5112,成都市高新区软件园英郡店
700172,黄石市西塞山区武汉路店
201007,河源市源城区碧洋华庭店
700252,武汉市汉阳区御水天成店
740046,南昌市西湖区孺子路店
760098,杭州市绍兴柯桥区万达广场店
770231,南京市秦淮区马道街店
1516,江门鹤山市碧桂园店
841017,徐州泉山区天山绿洲店
5070,成都武侯区华宇南苑店
710038,苏州昆山市新吴街店
700204,武汉市汉阳区新城丽景店
790049,重庆市渝北区水木年华店
3039,海口龙华区海秀东路店
3064,海口市海甸岛美兰区丽海云霞店
770172,南京市秦淮区延龄巷店
710065,无锡南长区永丰路店
740096,德兴市新车站店
760116,诸暨市东福路店
790105,重庆市九龙坡区珠江花园店
710119,苏州昆山市东方假日城店
720085,上海普陀区同普路店
720200,上海浦东新区东方知音苑店
831017,太原万柏林区丽华苑店
6029,厦门海沧区沧虹路店
730099,北京市大兴区清澄名苑店
4037,金华婺城区婺江新村店
770201,南京市六合区紫晶未来城店
740094,南昌市南昌县唐庄店
720119,上海闵行区贵都路店
730032,北京东城区国瑞城店
720040,上海普陀区新湖明珠城店
0537,东莞万江区上东国际店
1117,广州海珠区保利花园2店
760069,杭州市江干区高沙路店
780068,宁波市海曙区中山家园店
1231,中山石岐区莲塘东路店
831044,大原万柏林区万科蓝山1958店
770021,南京江宁区天印花园店
4031,义乌赋城店
700061,武汉洪山区玫瑰湾店
720316,上海宝山区大华三路店
790079,重庆市巴南区一城龙洲店
750115,郑州市中原区升龙天汇广场店
881001,北京市朝阳区果多美晨光店
700162,武汉市洪山区紫崧枫林店
1311,广州天河区加拿大花园店
1214,佛山顺德区保利百合花园店
0732,惠州市惠城区珑湖湾店
700190,武汉市洪山区万科金色城市2店
0288,深圳南山区现代城2店
1242,广州番禺区自在城市花园店
831028,太原小店区首开店
1496,佛山市南海区君悦龙庭店
790013,重庆市九龙坡区华润二十四城店
1616,清远市清城区卧龙五州城店
730154,北京市朝阳区康营家园2店
0298,深圳龙岗区华浩源店
780031,宁波市海曙区月湖盛园店
740020,南昌西湖区澳利雅苑店
0214,深圳南山区金宝花园店
1523,珠海市香洲区日东花园店
1450,中山市东凤镇金色家园店
811012,青岛市市南区麦凯乐店
700186,武汉市盘龙城经济技术开发区恒大名都店
770127,南京市雨花台区万科金色里程店
0506,东莞莞城区旗峰路店
881039,北京市朝阳区果多美青年路店
1455,广州市越秀区杨箕新天地店
0220,深圳南山区留仙居2店
6076,厦门市集美区大学湾店
821005,昆明市西山区华都花园店
1579,湛江市赤坎区金沙湾店
1649,中山市港口镇幸福豪庭店
1543,珠海市金湾区和泰美居店
1270,中山石岐区溢彩荟店
770184,南京市玄武区兴贤佳园店
1588,阳江市江城区城中雅轩店
821026,昆明市盘龙区云南印象2店
760013,杭州江干区明桂南苑店
750120,郑州市二七区华庭公寓店
5116,成都市高新区银泰城店
730011,北京朝阳区青年路店
3028,海口龙华区富丽花园店
5065,成都高新区中海城南华府店
1093,广州白云区汇侨新城2店
730015,鲜果吧客北京朝阳区富力城店
0500,东莞莞城区花园新村店
720090,上海浦东新区上海绿城店
770097,南京市浦口区盛景华庭店
1198,佛山顺德区建设北路店
710082,苏州昆山市中山路店
0305,深圳福田区景田南路店
750010,郑州市金水区汉飞城市公园店
770067,南京市江宁区湖东路店
700088,武汉江岸区大江园店
760040,杭州市下城区野风现代名苑店
0185,深圳福田区景新花园店
710148,南通崇川区弘阳上城店
0428,深圳市盐田区东海丽景花园店
700093,武汉硚口区城市广场店
720309,上海黄浦区丽园路店
740071,南昌市南昌县莲西路店
0583,东莞大朗镇万科金域松湖店
881914,北京海淀区果多美北太平桥西店
760103,杭州市绍兴柯桥区湖中路店
811006,青岛市市北区晓港名城店
0174,深圳宝安区苹果园店
700200,武汉市武昌区恒大航天首府店
3073,海口市美兰区板桥路店
710014,苏州姑苏区四季商业广场店
700079,武汉江汉区福星城店
730109,北京市丰台区康馨家园店
730005,北京朝阳区蓝堡国际公寓店
710139,苏州张家港市沙洲西路店
720252,上海虹口区赤峰路店
0827,汕头市澄海区益冠园店
740038,南昌市西湖区莱茵半岛店
803013,合肥市庐阳区中铁国际城桂园店
0404,停用000
720194,上海奉贤区解放西路店
770204,扬州市邗江区得祥园店
3074,琼海市元亨街店
770058,南京市江宁区托乐嘉花园店
0047,深圳宝安区景龙新村店
770136,南京市浦口区香溢紫郡店
720133,上海浦东新区五莲路店
700258,鄂州市鄂城区东江国际店
700202,武汉市江夏区保利五月花店
310001,明门(中国)幼童用品有限公司
831035,太原万柏林区南屯苑店
821032,昆明市五华区天骄北麓店
5067,成都双流县南湖国际社区店
0636,东莞市凤岗镇名流印象店
0495,深圳市南山区锦绣花园店
881913,北京市丰台区果多美西马场店
790003,重庆市渝北区金科小城故事店
3019,海口秀英区蓝海佳园店
740024,南昌西湖区南浦路店
1307,肇庆端州区嘉湖新都市店
870006,西安市曲江新区龙湖紫都城店
3005,海口美兰区海甸三东路店
3102,海南琼市人民路店
831038,太原杏花岭区富安北路店
720012,上海松江区三湘财富广场店
881022,北京市丰台区果多美丰管路店
0083,深圳龙岗区翠枫豪园店
831029,太原小店区星河湾店
0477,深圳市南山区汇景豪苑店
720146,上海浦东新区浦东商场店
770171,南京市江宁区文鼎雅苑店
205001,潮州市湘桥区粤海花园店
881805,北京市昌平区果多美天通苑西二区店
770229,南京市江宁区龙眠大道义乌店
790078,重庆市渝北区华宇北城雅郡店 
1622,广州市天河区体育西路店
710134,苏州吴中区四季晶华店
0189,深圳南山区育德佳园店
730090,北京市朝阳区润枫水尚店
700173,武汉市硚口区融侨锦江店
831019,太原迎泽区万科紫台店
0291,深圳龙岗区德福花园店
3105,三亚市吉阳区山水天域店
730077,北京市朝阳区明天第一城店
1550,珠海市香洲区昌平路店
700040,武汉洪山区保利心语店
0317,深圳龙岗区紫薇花园店
1495,佛山市顺德区碧桂花城2店
0136,深圳宝安区世纪春城店
730104,北京市大兴区保利春天店
0466,深圳市龙华区星河盛世店
1458,广州市天河区华景新城4店
1107,广州番禺区洛涛居店
0460,深圳市福田区玮鹏花园店
710120,无锡梁溪区新惠家园店
1254,江门蓬江区江华一路店
790034,重庆市南岸区鑫茂E时代店
790071,重庆市渝北区融创金贸时代店
1564,珠海市斗门区江湾二路店
720156,上海浦东新区年家浜路店
0814,汕头市龙湖区汇翠时代花园店
0592,东莞凤岗镇雁田怡安路店
3052,三亚市天涯区外贸路店
720315,上海杨浦区政通路店
3067,三亚市吉阳区海螺店
700286,武汉市武昌区长江紫都店
0336,深圳市阳光天健城店
750007,郑州金水区天裕小区店
770031,南京浦口区明发滨江新城店
1372,佛山南海区凰樵圣堡店
750057,郑州市金水区丰乐生活广场店
770141,南京市江宁区汇景新苑店
0193,深圳福田区福华路店
1534,广州市增城区新塘东景华庭
1304,广州海珠区可逸豪苑店
6081,泉州市丰泽区田安店
831046,太原市万柏林区西线街万科店
790102,重庆市南岸区东海长洲2店
0825,汕头市潮南区嘉盛豪庭店
1575,佛山市南海区万科广场店
700214,武汉市汉阳区观澜国际店
3025,海口龙华区义龙西路店
881907,北京市昌平区果多美天通苑东三区店
750113,郑州市郑东新区阿卡迪亚店
0064,深圳龙岗区康桥花园店
0600,东莞市凤岗镇中央豪庭店
720180,上海闵行区古美路2店
1530,佛山市南海区怡翠世嘉店
3084,三亚市吉阳区丹州小区2店
0491,深圳市罗湖区置地广场店
6060,泉州市石狮市振兴路店
700279,武汉市汉阳区招商公园
0324,深圳市宝安区官田花园店
700250,武汉市江岸区江汉二路店
710092,苏州工业园区时代上城店
881005,北京市东城区果多美崇文门店
700268,武汉市东湖高新区锦绣龙城2店
851010,南宁市青秀区信地半云居店
0238,深圳宝安区海湾明珠花园店
803008,合肥市庐阳区君尚金谷园店
760105,绍兴市越城区镜湖路店
0352,深圳市南山区侨城豪苑店
881912,北京市朝阳区果多美保利嘉园店
790112,重庆市沙坪坝区西城丽景店
790083,重庆市江北区南桥丽景店 
0218,深圳南山区浪琴屿花园店
730098,北京丰台区珠江骏景店
811010,青岛市市南区宁夏路广电大厦店
1590,广州市番禺区保利大都会店
0659,东莞市厚街镇万达广场店
5003,成都武侯区芳草店
0267,深圳宝安区富源花园店
710051,无锡滨湖区阳光城市花园店
860010,福州市仓山区中庚城店
3046,海口美兰区海甸岛五西路2店
700076,武汉江汉区鑫城国际店
0184,深圳罗湖区红桂路店
760039,杭州市下城区万家星城店
760018,杭州下城区长庆街店
1096,广州越秀区纸行路店
790064,重庆市沙坪坝区华宇广场店
0489,深圳市龙华区和平里店
803071,合肥市政务区郁金苑店
5129,成都市郫都区西郡英华店
0044,深圳福田区新洲一街店
1493,珠海市香洲区银石雅园店
750023,郑州市二七区龙跃花园店
720037,上海宝山区聚丰园路店
0804,汕头市龙湖区潮华雅居店
790016,重庆市江北区珠江太阳城店
750112,郑州市郑东新区海马公园店
740087,九江市浔阳区福泽园店
4007,金华婺城区双馨路店
720228,上海普陀区宜川路店
710123,苏州吴中区鸣市路店
1327,珠海香洲区澳园店
0396,深圳市合正丹郡店
6041,泉州丰泽区盛世天骄店
1630,广州市黄埔区敏捷广场店
0364,深圳市宝安区金成时代店
0254,深圳福田区皇岗村店
730125,北京市朝阳区枣营北里店
1338,广州番禺区捷进中路店
0486,深圳市宝安区金域豪庭店
750100,洛阳市涧西区世纪华阳店
770054,南京浦口区威尼斯水城五街区店
6058,漳州市芗城区九龙城店
700122,武汉洪山区山泉居店
700248,黄石市黄石港区花湖广场店 
cs005,测试05店
710162,南通崇川区中南世纪城店
780062,宁波市鄞州区阳光丽园店
1337,广州荔湾区泮塘路店
720088,上海静安区武定西路店
1073,广州天河区棠石路店
730116,北京市通州区果园地铁站店
720171,上海虹口区中虹花园店
5048,成都双流县宏达世纪锦城店
720128,上海普陀区岚皋路店
1344,中山坦洲镇中澳世纪城店
1049,广州海珠区海联路店
780043,宁波市北仑区黄金海岸店
0153,深圳龙岗区龙城国际店
0501,东莞东城区都市广场店
710104,苏州工业园区曼哈顿广场店
780008,宁波江北区天水广场店
1063,广州增城凤馨苑店
790119,重庆市南岸区珊瑚路店
720225,上海浦东新区临沂路2店 
770143,南京市六合区荣盛茉莉苑店
760067,杭州市江干区多蓝水岸店
740054,南昌市新建区新建大道店
803016,合肥市蜀山区华府骏苑菜场店
881063,河北省三河市果多美燕郊天洋城店
710056,无锡北塘区梨花家园店
760056,杭州市上城区建国中路店
1370,广州荔湾区周门街店
750135,郑州市二七区锦绣山河店
0823,汕头市潮阳区南中路店
700095,武汉汉阳区琴台墨园店
5118,成都市高新区龙湖九里晴川店
730021,北京丰台区三环新城店
1360,广州天河区粤垦路2店
803067,合肥市经开区滨湖前城店
0207,深圳福田区城中雅苑店
720048,上海松江区南期昌路店
1111,广州荔湾区芳和花园店
5083,成都市双流县南阳盛世店
841010,徐州泉山区锦绣湖畔店
881073,北京市丰台区果多美育芳园店
700087,武汉江汉区万景国际店
0802,汕头市金平区金禧花园店
6066,漳州市芗城区悦华园店
760006,杭州余杭区星火南路店
720189,上海松江区荣乐中路店
4028,义乌贝村路店
6079,厦门市同安区水岸华庭店
5004,成都成华区红枫岭店
881069,北京西城区果多美闹市口店
0228,深圳罗湖区红桂路2店
0395,深圳市龙岗区保利上城店
1095,广州天河区员村二横路店
1566,广州市番禺区奥林匹克花园店
770153,南京市鼓楼区幕府家园店
4062,义乌市青口店
3091,三亚市阳吉区月川中路店
790081,重庆市沙坪坝区富洲新城2店
0134,深圳南山区白石中路店
760035,杭州市富阳区桂花路店
5031,成都武侯区双楠路店
203004,揭阳市榕城区沟口新村店
740103,抚州市赣东大道店
770106,南京市秦淮区三元巷店
740086,南昌市新建区红谷新城店
780025,宁波海曙区联丰路店
201001,河源市大同路1店
5110,成都市武侯区鹭岛国际店
730093,北京市朝阳区世纪东方嘉园店
740098,南昌市新建区欧尚广场店
1187,佛山南海区丽雅苑店
1241,广州增城区中坚豪庭店
0272,深圳福田区东海花园店
0590,东莞常平镇国盈广场店
0343,深圳市福田区新闻路3店
720142,上海浦东新区灵岩南路店
803091,芜湖市镜湖区融汇锦江店
0182,深圳罗湖区黄贝岭店
770056,南京浦口区浦泰和天下店
700102,武汉青山区铂金华府店
1201,广州白云区景泰直街店
740064,南昌市莲塘府前西路店
770037,南京江宁区恒大绿洲店
0528,东莞东城区大井头路店
0186,深圳福田区渔农村店
700171,武汉市东西湖区奥林匹克花园店
0728,惠州市惠阳区旺东国际广场店
851007,南宁市隆源国际花园店
6027,厦门湖里区彩虹花园店
720067,上海闵行区上海春城店
881079,北京市密云区密云南大街
1501,江门市新会区东庆南路店
760014,杭州拱墅区塘萍路店
1609,佛山市顺德区天玑国际店
1631,江门市蓬江区滨港御城店
1612,&#8197;珠海市金湾区机场A区店
1329,佛山南海区罗村花苑店
790142,重庆市渝北区鲁能星城5店
0488,深圳市盐田区马庙街店
0507,东莞南城区鸿福路店
700247,武汉市江汉区东方万豪店 
700089,武汉硚口区中御公馆店
1196,广州越秀区明月二路店
700039,武汉江岸区航天双城2店
770087,南京市雨花台恒仁翠竹园店
770024,南京建邺区万达西地店
0557,东莞虎门镇银龙南路店
881033,北京市朝阳区果多美左家庄店
790068,重庆市沙坪坝区电力小区店
1128,广州白云区保利西子湾店
3037,海口龙华区置地花园店
720219,上海普陀区陕西北路店
0603,东莞市塘厦镇隆福花园2店
3014,海口美兰区三东路2店
720186,上海嘉定区丰庄路店
0266,深圳南山区世纪广场店
201003,河源源城区旺福小区店
811015,青岛市市北区威海路步行街二期店
0618,东莞市南城区世纪城2店
5029,成都武侯区芳草2店
710026,苏州昆山市樾阁南路店
750104,郑州市中原区帝湖花园2店
710073,无锡锡山区蔚蓝都市店
0179,深圳福田区福彩店
4030,义乌市稠关街店
0475,深圳市罗湖区淘金山店
750108,郑州市高新区荣邦城店
1641,广州市南沙区碧桂园天玺湾店
0702,惠州惠城区东湖中路店
5087,成都市锦江区望江橡树林店
803031,合肥市瑶海区汽车站店
710054,无锡崇安区广和路店
710015,苏州吴中区水香街店
831003,太原市杏花岭区万达天玺店
1506,广州市天河区东莞庄路店
1055,广州黄埔区金碧世纪花园店
1156,广州荔湾区宝盛新家园店
0326,深圳市龙华新区招商澜园店
700251,武汉市汉阳区龙阳熙苑店 
710151,南通开发区上海东路店
710089,苏州昆山市白塘路店
720242,上海嘉定区安亭阜康西路店
770108,南京市秦淮区常府街店
3086,海口市美兰区滨江新苑店
881007,北京市丰台区果多美右安门店
790040,重庆市渝北区温馨家园店
841025,徐州泉山区苏商御景湾店
740100,南昌市青云谱区蓝天郡店
720004,上海闵行区世纪苑店
720122,上海普陀区兰溪路2店
770035,南京秦淮区瑞金路店
700075,武汉江汉区新华家园店
0325,深圳市南山区水木丹华店
0391,深圳市宝安区勤诚达花园店
750012,郑州郑东新区东方国际广场店
0465,深圳市南山区工业九路店
0629,东莞市谢岗镇泰旺路店
700159,武汉市汉阳区人信汇店
750058,郑州市金水区天府小区店
0725,惠州市惠城区南山诗意店
831011,太原市小店区恒大绿洲南门店
720214,上海徐汇区冠生园路店
1324,中山石岐区莲塘路店
803026,合肥市蜀山区华府骏苑店
770118,南京市浦口区威尼斯第十五街区店
770059,南京市江宁区潭桥科宁路店
770050,南京建邺区话园小区店
740030,南昌南昌县向阳路店
1249,中山东区远洋城店
1345,珠海香洲区锦绣柠溪店
720038,上海普陀区白玉路店
1549,中山市南区恒大绿洲店
710011,苏州姑苏区南环新村店
760063,杭州市江干区德信早城店
700067,武汉洪山区领秀城店
201004,河源市新区碧水湾店
720081,上海松江区三湘财富广场2店
3103,海南琼市兴海中路店
841009,徐州铜山区文泰康城店
780067,宁波市江东区太古城店
740082,南昌市红谷滩新区红谷现代城店
0234,深圳南山区学府中路2店
790051,重庆市九龙坡区华美时代城店
790024,重庆市九龙坡区保利花半里店
0545,东莞厚街镇康乐南路店
0233,深圳罗湖区红宝路2店(停)
0394,深圳市罗湖区绿茵庭苑店
760065,杭州市西湖区莲花广场店
0173,深圳福田区碧馨花园店
720109,上海长宁区黄金城道店
0424,深圳市龙岗区融湖中心城店
0535,东莞南城区新江南雅筑店
0300,深圳南山区华侨城店
881009,北京市朝阳区果多美朝阳路店
720077,上海闵行区报春路2店
6034,泉州丰泽区明鑫花苑店
1202,广州海珠区愉景南苑店
720155,上海黄浦区黄家阙路店
1427,广州番禺区东海花园店
770064,南京市六合区福基旭东新城店
770167,南京市浦口区香溢紫郡永强路店
0140,深圳南山区公园南路店
750130,驻马店市驿城区爱克首府店
770182,马鞍山市花山区东方明珠店
770203,南京市浦口区威尼斯第三街区店
720106,上海宝山区保利叶上海店
851013,南宁市西乡塘区万汇华府店
1457,佛山市顺德区碧桂园豪庭店
770016,南京秦淮区梅花山庄店
700003,武汉武昌区宝安璞园店
310016,张阿香(深圳)
0416,深圳市福田区梅山苑店
6067,泉州市石狮市石泉路店
1431,佛山禅城区星海岸花园店
740062,南昌市青山湖区金域名都店
700282,武汉市东湖新技术开发区蓝光时代店
1295,江门新会区东庆路店
0093,深圳龙岗区丽湖花园店
0141,深圳南山区白石中路2店
szdkh,深圳大客户(水果)
841004,徐州云龙区世茂东都店
0631,东莞市南城区天安数码城店
760117,绍兴市诸暨上海城店
750134,洛阳市洛龙区红太阳花园店
803089,合肥市包河区滨湖假日翰林园店
3094,三亚市天涯区农垦人民医院店
790017,重庆市南岸区翡翠明珠店
5139,成都市武侯区新希望路店
1625,广州市番禺区锦绣香江店
831023,太原万柏林区奥林匹克店
700029,武汉硚口区融侨锦城2店
720173,上海宝山区金地艺境城店
790082,重庆市渝北区莺歌小区店 
5099,成都市郫都区华润橡树湾店
700146,武汉硚口区保利香槟国际店
870013,西安市浐灞生态区华远海蓝城店
1078,佛山禅城区体育路店
730053,北京朝阳区金蝉南里店 
740075,上饶市信州区五三路店
0332,深圳市龙岗区嘉御豪园店
700195,武汉市江夏区威斯顿广场店
790006,重庆市江北区东原D7区店
760011,杭州余杭区临平桂花城店
750028,郑州市郑东新区鑫苑世纪东城店
790131,重庆市江北区金科十年城2店
720190,上海闸北区芷江西路店
310012,唐思(深圳)
5046,成都青羊区光华逸家店
790032,重庆市九龙坡区直港大道店
770025,南京建邺区万达华府店
730049,北京大兴区时代龙河大道店
730024,北京丰台区金润家园店
0194,深圳南山区花园城店
700081,武汉江岸区西马路店
1032,广州天河区美林海岸店
1504,佛山市三水区半江花园店
720024,上海宝山区四季花城店
6077,厦门市海沧区万科城店
1247,广州番禺区汇景大道店
1603,湛江市霞山区城市美林店
780021,宁波鄞州区印象城店
803045,合肥市蜀山区融侨天骏店
6008,厦门湖里区万达店
803022,合肥市庐阳区中铁国际城品园店
1558,中山市坦洲镇水木清晖园店
0485,深圳市龙岗区世纪名园店
1245,佛山南海区湖景湾店
4033,金华婺城区骆家塘店
760062,杭州市拱墅区锦昌文华苑店
1440,广州越秀区司马街店
730085,北京市丰台区草桥欣园店
0653,东莞市凤岗镇恒大绿洲店
803087,合肥市经开区绿城玫瑰园店
760050,杭州市下城区三塘沁园店
1100,广州天河区员村二横路2店
0252,深圳宝安区丽景城店
6007,厦门湖里区翔鹭花城店
0397,深圳市宝安区芳晖园店
1280,广州荔湾区龙津中路店
0577,东莞大岭山镇金地格林上院店
6011,厦门湖里区大唐世家店
740105,南昌市青云谱区洪都公园店
740116,上饶市公园道1号店
0417,深圳市龙岗区茗萃园店
0574,东莞常平镇天鹅湖花园2店
1061,广州增城凤凰城广场店
0101,深圳福田区新洲北村店
3035,海口琼山区天上人间店
710059,无锡滨湖区万科魅力城店
1226,广州花都区大华一路2店
720258,上海嘉定区温宿路店
6054,厦门市思明区建发花园店
1216,广州天河区海明路店
1076,广州白云区岭南新世界2店
1499,中山市坦洲镇锦绣阳光花园店
3041,海口美兰区海甸岛五东路店
0216,深圳南山区常丰花园店
780024,宁波鄞州区石碶店
0003,深圳福田区梅华路店
710034,苏州吴中区碧波花园店
5135,成都市温江区珠江御景湾店
760044,杭州市拱墅区文岚街店
1377,广州花都区锦东花园店
0286,深圳龙华新区潜龙鑫茂店
750089,郑州市金水区安泰文苑店
1410,广州番禺区雅居乐剑桥郡店
1248,中山火炬开发区叠翠园店
770176,南京市浦口区香榭美颂店
0295,鲜果吧客深圳龙岗区东大街店
5050,成都武侯区中华名园店
5022,成都金牛区银沙路店
780004,宁波海曙区青林湾店
0231,深圳福田区金地花园2店
730144,天津市南开区大悦城店
700294,武汉市硚口区左岸美邻店
0092,深圳福田区沙嘴2店(停)
730076,北京市朝阳区金隅泰和园店
0353,深圳市罗湖区今日家园店
730028,北京丰台区星河苑店
740068,九江市武宁县东门市场店
201005,河源市新区丁香居店
700271,武汉市洪山区街道口店 
0467,深圳市宝安区名豪丽城店
0346,深圳市南山区学苑大道店
780047,宁波市北仑区镇大路店
1237,佛山顺德区威斯登堡店
720093,上海松江区九亭大街1店
1407,肇庆高要区丽景花园店
730047,北京丰台区大成路店
0249,深圳南山区南景苑店
870012,西安市雁塔区世家星城店
0229,深圳罗湖区太白居店
1054,广州白云区汇侨新城店
201006,河源市城区新风路店
780026,宁波江北区北岸琴森店
0090,深圳福田区丽阳天下店
790148,重庆市渝北区万科城店
700249,信阳市浉河区金杯花园店
740085,南昌市红谷滩新区莱蒙都会店
0120,深圳福田区福田保税区店
1638,珠海市香洲区奥园广场店
803028,合肥市瑶海区临泉花苑店
700209,武汉市洪山区鸿岭花园店
841026,徐州云龙区莲花小区店
770170,南京市江宁区麒麟紫荆城店
cs001,测试01店
1086,广州海珠区罗马家园店
1175,广州海珠区赤岗路2店
730124,北京市朝阳区东湖渠地铁站店
710118,苏州吴江区中山北路店
5049,成都青羊区时光俊园店
720197,上海徐汇区百色路店
203006,揭阳市榕城区星河城店
811013,青岛市市北区晓港名城五期店
750018,郑州郑东新区卢浮公馆店
780020,宁波江北区奥林80店
1091,广州越秀区应元路店
760118,杭州市滨江区春晓路店
770062,镇江市京口区东景花园店
790145,重庆市渝北区天湖美镇店
3071,海口市龙华区恒大海口文化城店
0077,深圳福田区百花三路店
803058,合肥市瑶海区保利东郡仪园店
1606,佛山市顺德区佛山新城店
700206,武汉市江岸区兰陵路店
0656,东莞市寮步镇新天地华庭店
1298,广州白云区荷塘月色店
6044,厦门思明区国贸新城店
790109,重庆市九龙坡区杨家坪店
3062,海口市龙华区亚豪苑2店
0749,惠州市惠城区中信凯旋城店
700205,武汉市东西湖区海林广场店
0381,深圳市南山区万科云城店
310018,陈宏(深圳)
700002,武汉武昌区徐东国际店
803014,合肥市瑶海区恒大中央广场店
790060,重庆市华宇江南枫庭店
5111,成都市青羊区金福路店
720028,上海闵行区新时代花园店
750069,郑州市管城区未来城店 
700243,信阳市浉河区沃尔玛店
0297,深圳龙岗区东大街3店
1646,恩平市锦江国际店
0805,汕头市龙湖区金润花园店
700030,武汉汉阳区桥机嘉园店
0440,深圳市南山区缤纷年华2店
803053,合肥市蜀山区新华学府春天店
1539,珠海市香洲区金地伊顿山店
750070,郑州市郑东新区福泽门店
720036,上海浦东新区美林小城店
1057,广州天河区德雅舍花园店
5043,成都锦江区鑫苑名家店
3063,海口市美兰区海甸岛和平大道路店
cs004,测试04店
4027,义乌城店路店
4082,义乌市青岩刘店
803038,合肥市庐阳区都市清华店
700015,武汉青山区江南春城店
0412,深圳市宝安区石岩公学店
1099,佛山南海区桂城名苑店
881076,北京市东城区果多美北新桥店
0579,东莞市大朗镇碧桂园店
851011,南宁市青秀区保利童心缘店
0209,深圳罗湖区清平路店
750029,郑州市金水区英协花园店
700169,武汉市江汉区武广店
720284,上海宝山区高杨佳苑店
0299,深圳龙岗区黄金富苑店
720210,上海杨浦区抚顺路店
0414,深圳市宝安区坪洲新村店
0046,深圳龙岗区百合山庄店
0415,深圳市龙岗区黄金豪庭店
803090,合肥市滨湖区书香门第店
860004,福州市鼓楼区温泉东汤店
0565,东莞东城区堑头路店
0135,深圳龙岗区万科城2店
750118,郑州市二七区京莎广场店
4080,金华市金东区东关店
851036,南宁市青秀区万科城店
0021,深圳龙岗区茂盛路店
0149,深圳宝安区梅陇镇2店
4064,义乌市福田二区店
6078,厦门市海沧区海富路店
881013,北京市昌平区果多美回龙观店
740021,南昌青云谱区玉河明珠店
4052,义乌五爱店
710074,苏州昆山市萧林路店
700034,武汉江汉区万科金色家园店
730140,北京市朝阳区周庄嘉园店
730052,北京大兴区清欣园店
1567,广州市海珠区东银广场店
730055,北京市朝阳区百环家园店
1016,广州天河区盈彩美居店
1647,广州市南沙区优山悦海店
720261,上海浦东新区秀沿路店
700139,武汉东湖高新区万科城花璟苑店
700149,武汉洪山区惠明路店
750017,郑州金水区蓝堡湾店
881081,北京市朝阳区果多美九龙花园店
1599,广州市越秀区建设五马路店
0187,深圳福田区赤尾村店
700001,武汉武昌区汉融侨华府店
3056,三亚市天涯区文明路店
6038,泉州丰泽区晶都国际店
1003,广州荔湾区富力广场店
1542,广州市天河区五山花园2店
750006,郑州金水区大观国际店
750009,郑州郑东新区绿地老街店
750024,郑州市郑东新区中央特区店
1149,广州番禺区德兴路2店
700055,武汉江汉区江汉北路店
1302,广州增城区凤馨苑2店
700123,武汉硚口区广电江湾新城店
730135,北京市海淀区碧水云天店
780029,宁波江东区华光城店
0219,深圳龙岗区罗马公园店
720032,上海宝山区中环一号店
740042,南昌市西湖区井冈山大道店
851016,南宁市青秀区保利21世家店
730058,北京丰台区阳光花园店
mdcs2,门店测试2
700078,武汉武昌区首义路店
0608,东莞市南城区恒大雅苑店
5062,成都高新区保利心语店
0494,深圳市龙华区深圳北站店
750008,郑州管城区卢刑庄花苑店
881021,北京市朝阳区果多美甜水园店
0383,停用
831040,太原迎泽区青年路湖滨店
0567,东莞长安镇新安二路店
0747,惠州市惠城区方直君御店
0340,深圳市龙岗区天颂雅苑店
770036,南京浦口区金城丽景店
0657,东莞市寮步镇万润广场店
700094,武汉汉阳区鹦鹉花园店
5094,成都市武侯区双楠花园店
700208,武汉市黄陂区美景天城店
710025,苏州昆山市新城域花园店
0665,东莞市高埗镇新世纪颐龙湾店
750106,洛阳市西工区体育场路店
0612,东莞市松山湖长城世家店
720161,上海浦东新区高宝路店
770137,镇江市京口区南门大街店
720188,上海闵行区石屏路店
6086,厦门市翔安区宝嘉誉园店
0422,深圳市宝安区棕榈堡花园店
0426,深圳市福田区新洲村店
0546,东莞厚街镇厚街广场店
0131,深圳宝安区碧海富通店
760033,杭州市拱墅区湖墅南路店
770221,南京市建邺区虹苑新寓店
1484,中山市黄圃镇新明中路店
5143,成都市青羊区万科金色领域店
700105,武汉青山区钢洲花园店
811034,青岛市李沧区中南世纪城店
790122,重庆市渝北区鲁能星城3店
1320,中山沙溪镇星宝明珠店
0138,深圳福田区燕南路店
1267,中山石岐区海岸家园店
1503,肇庆市端州区月圆花园店
0652,东莞市松山湖翠珑湾店
750021,郑州管城区美景鸿城店
750033,郑州市中原区保利百合店
770013,南京高淳区高淳怡城店
790121,重庆市渝北区龙湖西苑店
1028,广州天河区中骏景花园店
1354,佛山顺德区金翠峰1号花园店
700023,武汉江岸区百步华庭店
0161,深圳龙岗区满庭芳店
710090,无锡滨湖区长江北路店
3080,海口市美兰区美祥路店
790100,重庆市沙坪坝区上岛郦舍店
0009,深圳福田区中康路店
750133,洛阳市洛龙区奥体花城店
0701,惠州惠城区碧水湾店
790018,重庆市九龙坡区保利爱尚里店
1240,中山石岐区恒基花园店
6032,厦门思明区富城花园店
1148,广州白云区远景路2店
6023,厦门思明区鹭江新城店
720135,上海闵行区兰坪路店
0511,东莞东城区东泰花园1店
803062,合肥市庐阳区文一名门湖畔店
k20211,加盟发布会
831018,太原晋源区兰亭御湖城店
720061,上海浦东新区金桥新城店
720262,上海普陀区东新路店
780027,宁波江东区锦苑小区店
